Date,Country,Total
2015-12-27T00:00:00Z,Belgium,1079
2015-12-27T00:00:00Z,France,7096
2015-12-27T00:00:00Z,Ireland,1168
2015-12-27T00:00:00Z,Luxembourg,193
2015-12-27T00:00:00Z,Netherlands,2139
2015-12-27T00:00:00Z,United Kingdom,7821
2016-01-03T00:00:00Z,Belgium,5353
2016-01-03T00:00:00Z,France,28607
2016-01-03T00:00:00Z,Ireland,4495
2016-01-03T00:00:00Z,Luxembourg,996
2016-01-03T00:00:00Z,Netherlands,8216
2016-01-03T00:00:00Z,United Kingdom,32688
2016-01-10T00:00:00Z,Belgium,5425
2016-01-10T00:00:00Z,France,28011
2016-01-10T00:00:00Z,Ireland,4216
2016-01-10T00:00:00Z,Luxembourg,1034
2016-01-10T00:00:00Z,Netherlands,8336
2016-01-10T00:00:00Z,United Kingdom,31562
2016-01-17T00:00:00Z,Belgium,5745
2016-01-17T00:00:00Z,France,28579
2016-01-17T00:00:00Z,Ireland,4220
2016-01-17T00:00:00Z,Luxembourg,1006
2016-01-17T00:00:00Z,Netherlands,8376
2016-01-17T00:00:00Z,United Kingdom,32027
2016-01-24T00:00:00Z,Belgium,5665
2016-01-24T00:00:00Z,France,28183
2016-01-24T00:00:00Z,Ireland,4060
2016-01-24T00:00:00Z,Luxembourg,1078
2016-01-24T00:00:00Z,Netherlands,8408
2016-01-24T00:00:00Z,United Kingdom,32145
2016-01-31T00:00:00Z,Belgium,5748
2016-01-31T00:00:00Z,France,30073
2016-01-31T00:00:00Z,Ireland,4277
2016-01-31T00:00:00Z,Luxembourg,1068
2016-01-31T00:00:00Z,Netherlands,8514
2016-01-31T00:00:00Z,United Kingdom,32727
2016-02-07T00:00:00Z,Belgium,5827
2016-02-07T00:00:00Z,France,29805
2016-02-07T00:00:00Z,Ireland,4392
2016-02-07T00:00:00Z,Luxembourg,1060
2016-02-07T00:00:00Z,Netherlands,8737
2016-02-07T00:00:00Z,United Kingdom,34239
2016-02-14T00:00:00Z,Belgium,5978
2016-02-14T00:00:00Z,France,30976
2016-02-14T00:00:00Z,Ireland,4462
2016-02-14T00:00:00Z,Luxembourg,1076
2016-02-14T00:00:00Z,Netherlands,9093
2016-02-14T00:00:00Z,United Kingdom,35094
2016-02-21T00:00:00Z,Belgium,5981
2016-02-21T00:00:00Z,France,30965
2016-02-21T00:00:00Z,Ireland,4456
2016-02-21T00:00:00Z,Luxembourg,1140
2016-02-21T00:00:00Z,Netherlands,9226
2016-02-21T00:00:00Z,United Kingdom,35338
2016-02-28T00:00:00Z,Belgium,5986
2016-02-28T00:00:00Z,France,30510
2016-02-28T00:00:00Z,Ireland,4487
2016-02-28T00:00:00Z,Luxembourg,1137
2016-02-28T00:00:00Z,Netherlands,9281
2016-02-28T00:00:00Z,United Kingdom,34815
2016-03-06T00:00:00Z,Belgium,6109
2016-03-06T00:00:00Z,France,31780
2016-03-06T00:00:00Z,Ireland,4568
2016-03-06T00:00:00Z,Luxembourg,1175
2016-03-06T00:00:00Z,Netherlands,9566
2016-03-06T00:00:00Z,United Kingdom,35126
2016-03-13T00:00:00Z,Belgium,6285
2016-03-13T00:00:00Z,France,32681
2016-03-13T00:00:00Z,Ireland,4863
2016-03-13T00:00:00Z,Luxembourg,1193
2016-03-13T00:00:00Z,Netherlands,9480
2016-03-13T00:00:00Z,United Kingdom,35906
2016-03-20T00:00:00Z,Belgium,4077
2016-03-20T00:00:00Z,France,31125
2016-03-20T00:00:00Z,Ireland,4865
2016-03-20T00:00:00Z,Luxembourg,1220
2016-03-20T00:00:00Z,Netherlands,9358
2016-03-20T00:00:00Z,United Kingdom,35719
2016-03-27T00:00:00Z,Belgium,3838
2016-03-27T00:00:00Z,France,32475
2016-03-27T00:00:00Z,Ireland,5120
2016-03-27T00:00:00Z,Luxembourg,1239
2016-03-27T00:00:00Z,Netherlands,9966
2016-03-27T00:00:00Z,United Kingdom,37205
2016-04-03T00:00:00Z,Belgium,4719
2016-04-03T00:00:00Z,France,35096
2016-04-03T00:00:00Z,Ireland,5284
2016-04-03T00:00:00Z,Luxembourg,1287
2016-04-03T00:00:00Z,Netherlands,10212
2016-04-03T00:00:00Z,United Kingdom,38358
2016-04-10T00:00:00Z,Belgium,5442
2016-04-10T00:00:00Z,France,35735
2016-04-10T00:00:00Z,Ireland,5243
2016-04-10T00:00:00Z,Luxembourg,1359
2016-04-10T00:00:00Z,Netherlands,10265
2016-04-10T00:00:00Z,United Kingdom,38559
2016-04-17T00:00:00Z,Belgium,5764
2016-04-17T00:00:00Z,France,36256
2016-04-17T00:00:00Z,Ireland,5258
2016-04-17T00:00:00Z,Luxembourg,1368
2016-04-17T00:00:00Z,Netherlands,10593
2016-04-17T00:00:00Z,United Kingdom,38351
2016-04-24T00:00:00Z,Belgium,5755
2016-04-24T00:00:00Z,France,36080
2016-04-24T00:00:00Z,Ireland,5302
2016-04-24T00:00:00Z,Luxembourg,1236
2016-04-24T00:00:00Z,Netherlands,10774
2016-04-24T00:00:00Z,United Kingdom,38600
2016-05-01T00:00:00Z,Belgium,6360
2016-05-01T00:00:00Z,France,35169
2016-05-01T00:00:00Z,Ireland,5467
2016-05-01T00:00:00Z,Luxembourg,1218
2016-05-01T00:00:00Z,Netherlands,10868
2016-05-01T00:00:00Z,United Kingdom,39444
2016-05-08T00:00:00Z,Belgium,6737
2016-05-08T00:00:00Z,France,38335
2016-05-08T00:00:00Z,Ireland,5532
2016-05-08T00:00:00Z,Luxembourg,1309
2016-05-08T00:00:00Z,Netherlands,11043
2016-05-08T00:00:00Z,United Kingdom,40646
2016-05-15T00:00:00Z,Belgium,6673
2016-05-15T00:00:00Z,France,37206
2016-05-15T00:00:00Z,Ireland,5680
2016-05-15T00:00:00Z,Luxembourg,1275
2016-05-15T00:00:00Z,Netherlands,10942
2016-05-15T00:00:00Z,United Kingdom,41087
2016-05-22T00:00:00Z,Belgium,6720
2016-05-22T00:00:00Z,France,38189
2016-05-22T00:00:00Z,Ireland,5784
2016-05-22T00:00:00Z,Luxembourg,1342
2016-05-22T00:00:00Z,Netherlands,11169
2016-05-22T00:00:00Z,United Kingdom,42431
2016-05-29T00:00:00Z,Belgium,6794
2016-05-29T00:00:00Z,France,38895
2016-05-29T00:00:00Z,Ireland,5938
2016-05-29T00:00:00Z,Luxembourg,1314
2016-05-29T00:00:00Z,Netherlands,11022
2016-05-29T00:00:00Z,United Kingdom,42096
2016-06-05T00:00:00Z,Belgium,6777
2016-06-05T00:00:00Z,France,38647
2016-06-05T00:00:00Z,Ireland,6021
2016-06-05T00:00:00Z,Luxembourg,1411
2016-06-05T00:00:00Z,Netherlands,11286
2016-06-05T00:00:00Z,United Kingdom,42860
2016-06-12T00:00:00Z,Belgium,6922
2016-06-12T00:00:00Z,France,39566
2016-06-12T00:00:00Z,Ireland,6138
2016-06-12T00:00:00Z,Luxembourg,1336
2016-06-12T00:00:00Z,Netherlands,11129
2016-06-12T00:00:00Z,United Kingdom,42737
2016-06-19T00:00:00Z,Belgium,6793
2016-06-19T00:00:00Z,France,40500
2016-06-19T00:00:00Z,Ireland,6215
2016-06-19T00:00:00Z,Luxembourg,1385
2016-06-19T00:00:00Z,Netherlands,11102
2016-06-19T00:00:00Z,United Kingdom,42981
2016-06-26T00:00:00Z,Belgium,7052
2016-06-26T00:00:00Z,France,40827
2016-06-26T00:00:00Z,Ireland,6120
2016-06-26T00:00:00Z,Luxembourg,1406
2016-06-26T00:00:00Z,Netherlands,11102
2016-06-26T00:00:00Z,United Kingdom,43139
2016-07-03T00:00:00Z,Belgium,7030
2016-07-03T00:00:00Z,France,42261
2016-07-03T00:00:00Z,Ireland,6026
2016-07-03T00:00:00Z,Luxembourg,1322
2016-07-03T00:00:00Z,Netherlands,11293
2016-07-03T00:00:00Z,United Kingdom,43417
2016-07-10T00:00:00Z,Belgium,6904
2016-07-10T00:00:00Z,France,39334
2016-07-10T00:00:00Z,Ireland,6124
2016-07-10T00:00:00Z,Luxembourg,1297
2016-07-10T00:00:00Z,Netherlands,11449
2016-07-10T00:00:00Z,United Kingdom,43632
2016-07-17T00:00:00Z,Belgium,6873
2016-07-17T00:00:00Z,France,39927
2016-07-17T00:00:00Z,Ireland,6165
2016-07-17T00:00:00Z,Luxembourg,1322
2016-07-17T00:00:00Z,Netherlands,11392
2016-07-17T00:00:00Z,United Kingdom,43363
2016-07-24T00:00:00Z,Belgium,6880
2016-07-24T00:00:00Z,France,38561
2016-07-24T00:00:00Z,Ireland,6159
2016-07-24T00:00:00Z,Luxembourg,1324
2016-07-24T00:00:00Z,Netherlands,11325
2016-07-24T00:00:00Z,United Kingdom,43524
2016-07-31T00:00:00Z,Belgium,6577
2016-07-31T00:00:00Z,France,36329
2016-07-31T00:00:00Z,Ireland,5952
2016-07-31T00:00:00Z,Luxembourg,1270
2016-07-31T00:00:00Z,Netherlands,11221
2016-07-31T00:00:00Z,United Kingdom,43197
2016-08-07T00:00:00Z,Belgium,6541
2016-08-07T00:00:00Z,France,35882
2016-08-07T00:00:00Z,Ireland,5925
2016-08-07T00:00:00Z,Luxembourg,1224
2016-08-07T00:00:00Z,Netherlands,11233
2016-08-07T00:00:00Z,United Kingdom,43193
2016-08-14T00:00:00Z,Belgium,6540
2016-08-14T00:00:00Z,France,35514
2016-08-14T00:00:00Z,Ireland,5907
2016-08-14T00:00:00Z,Luxembourg,1210
2016-08-14T00:00:00Z,Netherlands,11344
2016-08-14T00:00:00Z,United Kingdom,43148
2016-08-21T00:00:00Z,Belgium,6789
2016-08-21T00:00:00Z,France,38311
2016-08-21T00:00:00Z,Ireland,5918
2016-08-21T00:00:00Z,Luxembourg,1287
2016-08-21T00:00:00Z,Netherlands,11430
2016-08-21T00:00:00Z,United Kingdom,43300
2016-08-28T00:00:00Z,Belgium,7013
2016-08-28T00:00:00Z,France,40016
2016-08-28T00:00:00Z,Ireland,5891
2016-08-28T00:00:00Z,Luxembourg,1358
2016-08-28T00:00:00Z,Netherlands,11276
2016-08-28T00:00:00Z,United Kingdom,43487
2016-09-04T00:00:00Z,Belgium,6968
2016-09-04T00:00:00Z,France,39685
2016-09-04T00:00:00Z,Ireland,5843
2016-09-04T00:00:00Z,Luxembourg,1353
2016-09-04T00:00:00Z,Netherlands,11272
2016-09-04T00:00:00Z,United Kingdom,43654
2016-09-11T00:00:00Z,Belgium,6904
2016-09-11T00:00:00Z,France,38247
2016-09-11T00:00:00Z,Ireland,5710
2016-09-11T00:00:00Z,Luxembourg,1379
2016-09-11T00:00:00Z,Netherlands,11141
2016-09-11T00:00:00Z,United Kingdom,43105
2016-09-18T00:00:00Z,Belgium,6970
2016-09-18T00:00:00Z,France,38778
2016-09-18T00:00:00Z,Ireland,5693
2016-09-18T00:00:00Z,Luxembourg,1397
2016-09-18T00:00:00Z,Netherlands,11061
2016-09-18T00:00:00Z,United Kingdom,43244
2016-09-25T00:00:00Z,Belgium,6901
2016-09-25T00:00:00Z,France,38887
2016-09-25T00:00:00Z,Ireland,5750
2016-09-25T00:00:00Z,Luxembourg,1427
2016-09-25T00:00:00Z,Netherlands,11131
2016-09-25T00:00:00Z,United Kingdom,42942
2016-10-02T00:00:00Z,Belgium,6549
2016-10-02T00:00:00Z,France,37174
2016-10-02T00:00:00Z,Ireland,5576
2016-10-02T00:00:00Z,Luxembourg,1357
2016-10-02T00:00:00Z,Netherlands,10961
2016-10-02T00:00:00Z,United Kingdom,41697
2016-10-09T00:00:00Z,Belgium,6511
2016-10-09T00:00:00Z,France,36214
2016-10-09T00:00:00Z,Ireland,5424
2016-10-09T00:00:00Z,Luxembourg,1424
2016-10-09T00:00:00Z,Netherlands,10930
2016-10-09T00:00:00Z,United Kingdom,41285
2016-10-16T00:00:00Z,Belgium,6505
2016-10-16T00:00:00Z,France,36518
2016-10-16T00:00:00Z,Ireland,5438
2016-10-16T00:00:00Z,Luxembourg,1393
2016-10-16T00:00:00Z,Netherlands,10951
2016-10-16T00:00:00Z,United Kingdom,41253
2016-10-23T00:00:00Z,Belgium,6573
2016-10-23T00:00:00Z,France,35093
2016-10-23T00:00:00Z,Ireland,5460
2016-10-23T00:00:00Z,Luxembourg,1350
2016-10-23T00:00:00Z,Netherlands,10940
2016-10-23T00:00:00Z,United Kingdom,40827
2016-10-30T00:00:00Z,Belgium,6094
2016-10-30T00:00:00Z,France,30692
2016-10-30T00:00:00Z,Ireland,5020
2016-10-30T00:00:00Z,Luxembourg,1237
2016-10-30T00:00:00Z,Netherlands,9591
2016-10-30T00:00:00Z,United Kingdom,37133
2016-11-06T00:00:00Z,Belgium,6047
2016-11-06T00:00:00Z,France,30068
2016-11-06T00:00:00Z,Ireland,4700
2016-11-06T00:00:00Z,Luxembourg,1300
2016-11-06T00:00:00Z,Netherlands,9405
2016-11-06T00:00:00Z,United Kingdom,35395
2016-11-13T00:00:00Z,Belgium,5911
2016-11-13T00:00:00Z,France,31012
2016-11-13T00:00:00Z,Ireland,4615
2016-11-13T00:00:00Z,Luxembourg,1257
2016-11-13T00:00:00Z,Netherlands,9550
2016-11-13T00:00:00Z,United Kingdom,35492
2016-11-20T00:00:00Z,Belgium,5777
2016-11-20T00:00:00Z,France,30217
2016-11-20T00:00:00Z,Ireland,4493
2016-11-20T00:00:00Z,Luxembourg,1260
2016-11-20T00:00:00Z,Netherlands,9303
2016-11-20T00:00:00Z,United Kingdom,34699
2016-11-27T00:00:00Z,Belgium,5927
2016-11-27T00:00:00Z,France,30944
2016-11-27T00:00:00Z,Ireland,4625
2016-11-27T00:00:00Z,Luxembourg,1269
2016-11-27T00:00:00Z,Netherlands,9325
2016-11-27T00:00:00Z,United Kingdom,35316
2016-12-04T00:00:00Z,Belgium,5996
2016-12-04T00:00:00Z,France,30881
2016-12-04T00:00:00Z,Ireland,4637
2016-12-04T00:00:00Z,Luxembourg,1284
2016-12-04T00:00:00Z,Netherlands,9319
2016-12-04T00:00:00Z,United Kingdom,35344
2016-12-11T00:00:00Z,Belgium,6084
2016-12-11T00:00:00Z,France,32196
2016-12-11T00:00:00Z,Ireland,4691
2016-12-11T00:00:00Z,Luxembourg,1273
2016-12-11T00:00:00Z,Netherlands,9292
2016-12-11T00:00:00Z,United Kingdom,36578
2016-12-18T00:00:00Z,Belgium,6007
2016-12-18T00:00:00Z,France,30600
2016-12-18T00:00:00Z,Ireland,4758
2016-12-18T00:00:00Z,Luxembourg,1231
2016-12-18T00:00:00Z,Netherlands,9315
2016-12-18T00:00:00Z,United Kingdom,36329
2016-12-25T00:00:00Z,Belgium,4653
2016-12-25T00:00:00Z,France,25687
2016-12-25T00:00:00Z,Ireland,3927
2016-12-25T00:00:00Z,Luxembourg,886
2016-12-25T00:00:00Z,Netherlands,7979
2016-12-25T00:00:00Z,United Kingdom,29260
2017-01-01T00:00:00Z,Belgium,5208
2017-01-01T00:00:00Z,France,28660
2017-01-01T00:00:00Z,Ireland,4749
2017-01-01T00:00:00Z,Luxembourg,973
2017-01-01T00:00:00Z,Netherlands,8789
2017-01-01T00:00:00Z,United Kingdom,34516
2017-01-08T00:00:00Z,Belgium,5460
2017-01-08T00:00:00Z,France,28764
2017-01-08T00:00:00Z,Ireland,4487
2017-01-08T00:00:00Z,Luxembourg,1098
2017-01-08T00:00:00Z,Netherlands,8820
2017-01-08T00:00:00Z,United Kingdom,33408
2017-01-15T00:00:00Z,Belgium,5604
2017-01-15T00:00:00Z,France,29521
2017-01-15T00:00:00Z,Ireland,4443
2017-01-15T00:00:00Z,Luxembourg,1156
2017-01-15T00:00:00Z,Netherlands,8899
2017-01-15T00:00:00Z,United Kingdom,33670
2017-01-22T00:00:00Z,Belgium,5679
2017-01-22T00:00:00Z,France,29397
2017-01-22T00:00:00Z,Ireland,4343
2017-01-22T00:00:00Z,Luxembourg,1196
2017-01-22T00:00:00Z,Netherlands,8731
2017-01-22T00:00:00Z,United Kingdom,33003
2017-01-29T00:00:00Z,Belgium,5674
2017-01-29T00:00:00Z,France,29684
2017-01-29T00:00:00Z,Ireland,4437
2017-01-29T00:00:00Z,Luxembourg,1109
2017-01-29T00:00:00Z,Netherlands,8950
2017-01-29T00:00:00Z,United Kingdom,34479
2017-02-05T00:00:00Z,Belgium,5700
2017-02-05T00:00:00Z,France,31116
2017-02-05T00:00:00Z,Ireland,4562
2017-02-05T00:00:00Z,Luxembourg,1185
2017-02-05T00:00:00Z,Netherlands,9130
2017-02-05T00:00:00Z,United Kingdom,35744
2017-02-12T00:00:00Z,Belgium,5841
2017-02-12T00:00:00Z,France,31499
2017-02-12T00:00:00Z,Ireland,4600
2017-02-12T00:00:00Z,Luxembourg,1232
2017-02-12T00:00:00Z,Netherlands,9432
2017-02-12T00:00:00Z,United Kingdom,36509
2017-02-19T00:00:00Z,Belgium,5895
2017-02-19T00:00:00Z,France,32002
2017-02-19T00:00:00Z,Ireland,4731
2017-02-19T00:00:00Z,Luxembourg,1174
2017-02-19T00:00:00Z,Netherlands,9349
2017-02-19T00:00:00Z,United Kingdom,36680
2017-02-26T00:00:00Z,Belgium,5842
2017-02-26T00:00:00Z,France,31872
2017-02-26T00:00:00Z,Ireland,4755
2017-02-26T00:00:00Z,Luxembourg,1228
2017-02-26T00:00:00Z,Netherlands,9727
2017-02-26T00:00:00Z,United Kingdom,36520
2017-03-05T00:00:00Z,Belgium,5916
2017-03-05T00:00:00Z,France,30131
2017-03-05T00:00:00Z,Ireland,4797
2017-03-05T00:00:00Z,Luxembourg,1203
2017-03-05T00:00:00Z,Netherlands,9932
2017-03-05T00:00:00Z,United Kingdom,36268
2017-03-12T00:00:00Z,Belgium,5995
2017-03-12T00:00:00Z,France,33122
2017-03-12T00:00:00Z,Ireland,5045
2017-03-12T00:00:00Z,Luxembourg,1210
2017-03-12T00:00:00Z,Netherlands,9945
2017-03-12T00:00:00Z,United Kingdom,36605
2017-03-19T00:00:00Z,Belgium,6002
2017-03-19T00:00:00Z,France,32556
2017-03-19T00:00:00Z,Ireland,4931
2017-03-19T00:00:00Z,Luxembourg,1277
2017-03-19T00:00:00Z,Netherlands,9742
2017-03-19T00:00:00Z,United Kingdom,36672
2017-03-26T00:00:00Z,Belgium,6560
2017-03-26T00:00:00Z,France,35176
2017-03-26T00:00:00Z,Ireland,5254
2017-03-26T00:00:00Z,Luxembourg,1387
2017-03-26T00:00:00Z,Netherlands,10476
2017-03-26T00:00:00Z,United Kingdom,39605
2017-04-02T00:00:00Z,Belgium,6540
2017-04-02T00:00:00Z,France,35524
2017-04-02T00:00:00Z,Ireland,5339
2017-04-02T00:00:00Z,Luxembourg,1412
2017-04-02T00:00:00Z,Netherlands,10632
2017-04-02T00:00:00Z,United Kingdom,39992
2017-04-09T00:00:00Z,Belgium,6349
2017-04-09T00:00:00Z,France,37026
2017-04-09T00:00:00Z,Ireland,5342
2017-04-09T00:00:00Z,Luxembourg,1399
2017-04-09T00:00:00Z,Netherlands,10691
2017-04-09T00:00:00Z,United Kingdom,39453
2017-04-16T00:00:00Z,Belgium,6385
2017-04-16T00:00:00Z,France,36040
2017-04-16T00:00:00Z,Ireland,5391
2017-04-16T00:00:00Z,Luxembourg,1403
2017-04-16T00:00:00Z,Netherlands,10950
2017-04-16T00:00:00Z,United Kingdom,39574
2017-04-23T00:00:00Z,Belgium,6711
2017-04-23T00:00:00Z,France,37538
2017-04-23T00:00:00Z,Ireland,5571
2017-04-23T00:00:00Z,Luxembourg,1468
2017-04-23T00:00:00Z,Netherlands,11285
2017-04-23T00:00:00Z,United Kingdom,40526
2017-04-30T00:00:00Z,Belgium,6752
2017-04-30T00:00:00Z,France,36756
2017-04-30T00:00:00Z,Ireland,5592
2017-04-30T00:00:00Z,Luxembourg,1381
2017-04-30T00:00:00Z,Netherlands,11250
2017-04-30T00:00:00Z,United Kingdom,41057
2017-05-07T00:00:00Z,Belgium,6833
2017-05-07T00:00:00Z,France,37319
2017-05-07T00:00:00Z,Ireland,5783
2017-05-07T00:00:00Z,Luxembourg,1470
2017-05-07T00:00:00Z,Netherlands,11385
2017-05-07T00:00:00Z,United Kingdom,42391
2017-05-14T00:00:00Z,Belgium,6988
2017-05-14T00:00:00Z,France,38901
2017-05-14T00:00:00Z,Ireland,5839
2017-05-14T00:00:00Z,Luxembourg,1499
2017-05-14T00:00:00Z,Netherlands,11520
2017-05-14T00:00:00Z,United Kingdom,42974
2017-05-21T00:00:00Z,Belgium,6974
2017-05-21T00:00:00Z,France,37588
2017-05-21T00:00:00Z,Ireland,5951
2017-05-21T00:00:00Z,Luxembourg,1456
2017-05-21T00:00:00Z,Netherlands,11536
2017-05-21T00:00:00Z,United Kingdom,43631
2017-05-28T00:00:00Z,Belgium,7167
2017-05-28T00:00:00Z,France,39652
2017-05-28T00:00:00Z,Ireland,6019
2017-05-28T00:00:00Z,Luxembourg,1482
2017-05-28T00:00:00Z,Netherlands,11365
2017-05-28T00:00:00Z,United Kingdom,43459
2017-06-04T00:00:00Z,Belgium,6927
2017-06-04T00:00:00Z,France,37833
2017-06-04T00:00:00Z,Ireland,6120
2017-06-04T00:00:00Z,Luxembourg,1488
2017-06-04T00:00:00Z,Netherlands,11227
2017-06-04T00:00:00Z,United Kingdom,43989
2017-06-11T00:00:00Z,Belgium,7027
2017-06-11T00:00:00Z,France,40339
2017-06-11T00:00:00Z,Ireland,6259
2017-06-11T00:00:00Z,Luxembourg,1505
2017-06-11T00:00:00Z,Netherlands,11462
2017-06-11T00:00:00Z,United Kingdom,44335
2017-06-18T00:00:00Z,Belgium,7175
2017-06-18T00:00:00Z,France,40554
2017-06-18T00:00:00Z,Ireland,6377
2017-06-18T00:00:00Z,Luxembourg,1547
2017-06-18T00:00:00Z,Netherlands,11466
2017-06-18T00:00:00Z,United Kingdom,44486
2017-06-25T00:00:00Z,Belgium,7195
2017-06-25T00:00:00Z,France,41077
2017-06-25T00:00:00Z,Ireland,6357
2017-06-25T00:00:00Z,Luxembourg,1481
2017-06-25T00:00:00Z,Netherlands,11534
2017-06-25T00:00:00Z,United Kingdom,44722
2017-07-02T00:00:00Z,Belgium,7330
2017-07-02T00:00:00Z,France,42246
2017-07-02T00:00:00Z,Ireland,6251
2017-07-02T00:00:00Z,Luxembourg,1522
2017-07-02T00:00:00Z,Netherlands,11620
2017-07-02T00:00:00Z,United Kingdom,44918
2017-07-09T00:00:00Z,Belgium,7185
2017-07-09T00:00:00Z,France,40378
2017-07-09T00:00:00Z,Ireland,6295
2017-07-09T00:00:00Z,Luxembourg,1459
2017-07-09T00:00:00Z,Netherlands,11633
2017-07-09T00:00:00Z,United Kingdom,44838
2017-07-16T00:00:00Z,Belgium,7121
2017-07-16T00:00:00Z,France,40475
2017-07-16T00:00:00Z,Ireland,6287
2017-07-16T00:00:00Z,Luxembourg,1432
2017-07-16T00:00:00Z,Netherlands,11584
2017-07-16T00:00:00Z,United Kingdom,44604
2017-07-23T00:00:00Z,Belgium,7195
2017-07-23T00:00:00Z,France,40555
2017-07-23T00:00:00Z,Ireland,6215
2017-07-23T00:00:00Z,Luxembourg,1407
2017-07-23T00:00:00Z,Netherlands,11652
2017-07-23T00:00:00Z,United Kingdom,44633
2017-07-30T00:00:00Z,Belgium,6965
2017-07-30T00:00:00Z,France,37950
2017-07-30T00:00:00Z,Ireland,6225
2017-07-30T00:00:00Z,Luxembourg,1344
2017-07-30T00:00:00Z,Netherlands,11616
2017-07-30T00:00:00Z,United Kingdom,44340
2017-08-06T00:00:00Z,Belgium,6779
2017-08-06T00:00:00Z,France,36948
2017-08-06T00:00:00Z,Ireland,6187
2017-08-06T00:00:00Z,Luxembourg,1306
2017-08-06T00:00:00Z,Netherlands,11511
2017-08-06T00:00:00Z,United Kingdom,43991
2017-08-13T00:00:00Z,Belgium,6820
2017-08-13T00:00:00Z,France,36233
2017-08-13T00:00:00Z,Ireland,6100
2017-08-13T00:00:00Z,Luxembourg,1337
2017-08-13T00:00:00Z,Netherlands,11409
2017-08-13T00:00:00Z,United Kingdom,44054
2017-08-20T00:00:00Z,Belgium,7048
2017-08-20T00:00:00Z,France,38488
2017-08-20T00:00:00Z,Ireland,6162
2017-08-20T00:00:00Z,Luxembourg,1358
2017-08-20T00:00:00Z,Netherlands,11587
2017-08-20T00:00:00Z,United Kingdom,44591
2017-08-27T00:00:00Z,Belgium,7188
2017-08-27T00:00:00Z,France,39794
2017-08-27T00:00:00Z,Ireland,6117
2017-08-27T00:00:00Z,Luxembourg,1388
2017-08-27T00:00:00Z,Netherlands,11580
2017-08-27T00:00:00Z,United Kingdom,44344
2017-09-03T00:00:00Z,Belgium,7194
2017-09-03T00:00:00Z,France,40124
2017-09-03T00:00:00Z,Ireland,6046
2017-09-03T00:00:00Z,Luxembourg,1437
2017-09-03T00:00:00Z,Netherlands,11575
2017-09-03T00:00:00Z,United Kingdom,45268
2017-09-10T00:00:00Z,Belgium,7098
2017-09-10T00:00:00Z,France,39483
2017-09-10T00:00:00Z,Ireland,6051
2017-09-10T00:00:00Z,Luxembourg,1471
2017-09-10T00:00:00Z,Netherlands,11250
2017-09-10T00:00:00Z,United Kingdom,44534
2017-09-17T00:00:00Z,Belgium,7127
2017-09-17T00:00:00Z,France,38769
2017-09-17T00:00:00Z,Ireland,6046
2017-09-17T00:00:00Z,Luxembourg,1537
2017-09-17T00:00:00Z,Netherlands,11588
2017-09-17T00:00:00Z,United Kingdom,44637
2017-09-24T00:00:00Z,Belgium,7109
2017-09-24T00:00:00Z,France,39824
2017-09-24T00:00:00Z,Ireland,5987
2017-09-24T00:00:00Z,Luxembourg,1499
2017-09-24T00:00:00Z,Netherlands,11507
2017-09-24T00:00:00Z,United Kingdom,44398
2017-10-01T00:00:00Z,Belgium,6808
2017-10-01T00:00:00Z,France,38152
2017-10-01T00:00:00Z,Ireland,5808
2017-10-01T00:00:00Z,Luxembourg,1438
2017-10-01T00:00:00Z,Netherlands,11003
2017-10-01T00:00:00Z,United Kingdom,43066
2017-10-08T00:00:00Z,Belgium,6685
2017-10-08T00:00:00Z,France,35736
2017-10-08T00:00:00Z,Ireland,5731
2017-10-08T00:00:00Z,Luxembourg,1518
2017-10-08T00:00:00Z,Netherlands,11457
2017-10-08T00:00:00Z,United Kingdom,41877
2017-10-15T00:00:00Z,Belgium,6847
2017-10-15T00:00:00Z,France,37315
2017-10-15T00:00:00Z,Ireland,5353
2017-10-15T00:00:00Z,Luxembourg,1468
2017-10-15T00:00:00Z,Netherlands,11430
2017-10-15T00:00:00Z,United Kingdom,41317
2017-10-22T00:00:00Z,Belgium,6836
2017-10-22T00:00:00Z,France,36467
2017-10-22T00:00:00Z,Ireland,5687
2017-10-22T00:00:00Z,Luxembourg,1445
2017-10-22T00:00:00Z,Netherlands,11245
2017-10-22T00:00:00Z,United Kingdom,41367
2017-10-29T00:00:00Z,Belgium,6034
2017-10-29T00:00:00Z,France,30605
2017-10-29T00:00:00Z,Ireland,5161
2017-10-29T00:00:00Z,Luxembourg,1354
2017-10-29T00:00:00Z,Netherlands,10075
2017-10-29T00:00:00Z,United Kingdom,37110
2017-11-05T00:00:00Z,Belgium,6194
2017-11-05T00:00:00Z,France,31725
2017-11-05T00:00:00Z,Ireland,4944
2017-11-05T00:00:00Z,Luxembourg,1376
2017-11-05T00:00:00Z,Netherlands,9878
2017-11-05T00:00:00Z,United Kingdom,36014
2017-11-12T00:00:00Z,Belgium,6041
2017-11-12T00:00:00Z,France,31025
2017-11-12T00:00:00Z,Ireland,4890
2017-11-12T00:00:00Z,Luxembourg,1329
2017-11-12T00:00:00Z,Netherlands,9816
2017-11-12T00:00:00Z,United Kingdom,35552
2017-11-19T00:00:00Z,Belgium,6082
2017-11-19T00:00:00Z,France,30933
2017-11-19T00:00:00Z,Ireland,4715
2017-11-19T00:00:00Z,Luxembourg,1342
2017-11-19T00:00:00Z,Netherlands,9438
2017-11-19T00:00:00Z,United Kingdom,34973
2017-11-26T00:00:00Z,Belgium,5891
2017-11-26T00:00:00Z,France,30563
2017-11-26T00:00:00Z,Ireland,4795
2017-11-26T00:00:00Z,Luxembourg,1347
2017-11-26T00:00:00Z,Netherlands,9526
2017-11-26T00:00:00Z,United Kingdom,35543
2017-12-03T00:00:00Z,Belgium,6033
2017-12-03T00:00:00Z,France,30927
2017-12-03T00:00:00Z,Ireland,4914
2017-12-03T00:00:00Z,Luxembourg,1359
2017-12-03T00:00:00Z,Netherlands,9596
2017-12-03T00:00:00Z,United Kingdom,35622
2017-12-10T00:00:00Z,Belgium,5581
2017-12-10T00:00:00Z,France,30825
2017-12-10T00:00:00Z,Ireland,4811
2017-12-10T00:00:00Z,Luxembourg,1353
2017-12-10T00:00:00Z,Netherlands,8313
2017-12-10T00:00:00Z,United Kingdom,34901
2017-12-17T00:00:00Z,Belgium,6048
2017-12-17T00:00:00Z,France,33055
2017-12-17T00:00:00Z,Ireland,5124
2017-12-17T00:00:00Z,Luxembourg,1275
2017-12-17T00:00:00Z,Netherlands,9536
2017-12-17T00:00:00Z,United Kingdom,37288
2017-12-24T00:00:00Z,Belgium,4615
2017-12-24T00:00:00Z,France,25820
2017-12-24T00:00:00Z,Ireland,3845
2017-12-24T00:00:00Z,Luxembourg,1019
2017-12-24T00:00:00Z,Netherlands,8528
2017-12-24T00:00:00Z,United Kingdom,29324
2017-12-31T00:00:00Z,Belgium,4856
2017-12-31T00:00:00Z,France,27710
2017-12-31T00:00:00Z,Ireland,4605
2017-12-31T00:00:00Z,Luxembourg,1121
2017-12-31T00:00:00Z,Netherlands,8849
2017-12-31T00:00:00Z,United Kingdom,34073
2018-01-07T00:00:00Z,Belgium,5647
2018-01-07T00:00:00Z,France,30100
2018-01-07T00:00:00Z,Ireland,4691
2018-01-07T00:00:00Z,Luxembourg,1250
2018-01-07T00:00:00Z,Netherlands,9283
2018-01-07T00:00:00Z,United Kingdom,34584
2018-01-14T00:00:00Z,Belgium,5536
2018-01-14T00:00:00Z,France,29649
2018-01-14T00:00:00Z,Ireland,4573
2018-01-14T00:00:00Z,Luxembourg,1268
2018-01-14T00:00:00Z,Netherlands,8811
2018-01-14T00:00:00Z,United Kingdom,33954
2018-01-21T00:00:00Z,Belgium,5754
2018-01-21T00:00:00Z,France,30576
2018-01-21T00:00:00Z,Ireland,4609
2018-01-21T00:00:00Z,Luxembourg,1294
2018-01-21T00:00:00Z,Netherlands,9451
2018-01-21T00:00:00Z,United Kingdom,34627
2018-01-28T00:00:00Z,Belgium,5731
2018-01-28T00:00:00Z,France,30770
2018-01-28T00:00:00Z,Ireland,4646
2018-01-28T00:00:00Z,Luxembourg,1294
2018-01-28T00:00:00Z,Netherlands,9570
2018-01-28T00:00:00Z,United Kingdom,34922
2018-02-04T00:00:00Z,Belgium,5856
2018-02-04T00:00:00Z,France,29809
2018-02-04T00:00:00Z,Ireland,4834
2018-02-04T00:00:00Z,Luxembourg,1301
2018-02-04T00:00:00Z,Netherlands,9485
2018-02-04T00:00:00Z,United Kingdom,36527
2018-02-11T00:00:00Z,Belgium,5867
2018-02-11T00:00:00Z,France,31756
2018-02-11T00:00:00Z,Ireland,4742
2018-02-11T00:00:00Z,Luxembourg,1290
2018-02-11T00:00:00Z,Netherlands,9679
2018-02-11T00:00:00Z,United Kingdom,36719
2018-02-18T00:00:00Z,Belgium,6076
2018-02-18T00:00:00Z,France,31161
2018-02-18T00:00:00Z,Ireland,4833
2018-02-18T00:00:00Z,Luxembourg,1334
2018-02-18T00:00:00Z,Netherlands,10128
2018-02-18T00:00:00Z,United Kingdom,37717
2018-02-25T00:00:00Z,Belgium,5585
2018-02-25T00:00:00Z,France,30346
2018-02-25T00:00:00Z,Ireland,3020
2018-02-25T00:00:00Z,Luxembourg,1253
2018-02-25T00:00:00Z,Netherlands,9423
2018-02-25T00:00:00Z,United Kingdom,31589
2018-03-04T00:00:00Z,Belgium,6068
2018-03-04T00:00:00Z,France,32149
2018-03-04T00:00:00Z,Ireland,4983
2018-03-04T00:00:00Z,Luxembourg,1362
2018-03-04T00:00:00Z,Netherlands,10324
2018-03-04T00:00:00Z,United Kingdom,37767
2018-03-11T00:00:00Z,Belgium,6058
2018-03-11T00:00:00Z,France,33534
2018-03-11T00:00:00Z,Ireland,5096
2018-03-11T00:00:00Z,Luxembourg,1347
2018-03-11T00:00:00Z,Netherlands,10105
2018-03-11T00:00:00Z,United Kingdom,37853
2018-03-18T00:00:00Z,Belgium,6203
2018-03-18T00:00:00Z,France,31073
2018-03-18T00:00:00Z,Ireland,4951
2018-03-18T00:00:00Z,Luxembourg,1358
2018-03-18T00:00:00Z,Netherlands,10290
2018-03-18T00:00:00Z,United Kingdom,37357
2018-03-25T00:00:00Z,Belgium,6677
2018-03-25T00:00:00Z,France,35550
2018-03-25T00:00:00Z,Ireland,5661
2018-03-25T00:00:00Z,Luxembourg,1457
2018-03-25T00:00:00Z,Netherlands,10652
2018-03-25T00:00:00Z,United Kingdom,40450
2018-04-01T00:00:00Z,Belgium,6359
2018-04-01T00:00:00Z,France,34495
2018-04-01T00:00:00Z,Ireland,5587
2018-04-01T00:00:00Z,Luxembourg,1381
2018-04-01T00:00:00Z,Netherlands,10553
2018-04-01T00:00:00Z,United Kingdom,40210
2018-04-08T00:00:00Z,Belgium,6819
2018-04-08T00:00:00Z,France,35363
2018-04-08T00:00:00Z,Ireland,5677
2018-04-08T00:00:00Z,Luxembourg,1500
2018-04-08T00:00:00Z,Netherlands,10915
2018-04-08T00:00:00Z,United Kingdom,41096
2018-04-15T00:00:00Z,Belgium,6977
2018-04-15T00:00:00Z,France,36352
2018-04-15T00:00:00Z,Ireland,5656
2018-04-15T00:00:00Z,Luxembourg,1631
2018-04-15T00:00:00Z,Netherlands,11224
2018-04-15T00:00:00Z,United Kingdom,41295
2018-04-22T00:00:00Z,Belgium,6968
2018-04-22T00:00:00Z,France,37199
2018-04-22T00:00:00Z,Ireland,5774
2018-04-22T00:00:00Z,Luxembourg,1560
2018-04-22T00:00:00Z,Netherlands,11390
2018-04-22T00:00:00Z,United Kingdom,41264
2018-04-29T00:00:00Z,Belgium,6693
2018-04-29T00:00:00Z,France,35203
2018-04-29T00:00:00Z,Ireland,5875
2018-04-29T00:00:00Z,Luxembourg,1512
2018-04-29T00:00:00Z,Netherlands,11277
2018-04-29T00:00:00Z,United Kingdom,42260
2018-05-06T00:00:00Z,Belgium,6734
2018-05-06T00:00:00Z,France,33943
2018-05-06T00:00:00Z,Ireland,6051
2018-05-06T00:00:00Z,Luxembourg,1493
2018-05-06T00:00:00Z,Netherlands,11331
2018-05-06T00:00:00Z,United Kingdom,42318
2018-05-13T00:00:00Z,Belgium,6596
2018-05-13T00:00:00Z,France,39686
2018-05-13T00:00:00Z,Ireland,6147
2018-05-13T00:00:00Z,Luxembourg,1582
2018-05-13T00:00:00Z,Netherlands,11659
2018-05-13T00:00:00Z,United Kingdom,43604
2018-05-20T00:00:00Z,Belgium,6926
2018-05-20T00:00:00Z,France,37030
2018-05-20T00:00:00Z,Ireland,6229
2018-05-20T00:00:00Z,Luxembourg,1477
2018-05-20T00:00:00Z,Netherlands,11470
2018-05-20T00:00:00Z,United Kingdom,44764
2018-05-27T00:00:00Z,Belgium,6866
2018-05-27T00:00:00Z,France,38881
2018-05-27T00:00:00Z,Ireland,6286
2018-05-27T00:00:00Z,Luxembourg,1527
2018-05-27T00:00:00Z,Netherlands,11092
2018-05-27T00:00:00Z,United Kingdom,43569
2018-06-03T00:00:00Z,Belgium,6994
2018-06-03T00:00:00Z,France,38590
2018-06-03T00:00:00Z,Ireland,6451
2018-06-03T00:00:00Z,Luxembourg,1546
2018-06-03T00:00:00Z,Netherlands,11503
2018-06-03T00:00:00Z,United Kingdom,45061
2018-06-10T00:00:00Z,Belgium,6979
2018-06-10T00:00:00Z,France,40219
2018-06-10T00:00:00Z,Ireland,6528
2018-06-10T00:00:00Z,Luxembourg,1536
2018-06-10T00:00:00Z,Netherlands,11626
2018-06-10T00:00:00Z,United Kingdom,45418
2018-06-17T00:00:00Z,Belgium,7104
2018-06-17T00:00:00Z,France,40681
2018-06-17T00:00:00Z,Ireland,6588
2018-06-17T00:00:00Z,Luxembourg,1661
2018-06-17T00:00:00Z,Netherlands,11639
2018-06-17T00:00:00Z,United Kingdom,45961
2018-06-24T00:00:00Z,Belgium,7486
2018-06-24T00:00:00Z,France,41488
2018-06-24T00:00:00Z,Ireland,6594
2018-06-24T00:00:00Z,Luxembourg,1669
2018-06-24T00:00:00Z,Netherlands,11602
2018-06-24T00:00:00Z,United Kingdom,45895
2018-07-01T00:00:00Z,Belgium,7327
2018-07-01T00:00:00Z,France,42111
2018-07-01T00:00:00Z,Ireland,6511
2018-07-01T00:00:00Z,Luxembourg,1530
2018-07-01T00:00:00Z,Netherlands,11648
2018-07-01T00:00:00Z,United Kingdom,45553
2018-07-08T00:00:00Z,Belgium,7461
2018-07-08T00:00:00Z,France,42216
2018-07-08T00:00:00Z,Ireland,6548
2018-07-08T00:00:00Z,Luxembourg,1510
2018-07-08T00:00:00Z,Netherlands,11704
2018-07-08T00:00:00Z,United Kingdom,46126
2018-07-15T00:00:00Z,Belgium,7221
2018-07-15T00:00:00Z,France,41330
2018-07-15T00:00:00Z,Ireland,6492
2018-07-15T00:00:00Z,Luxembourg,1475
2018-07-15T00:00:00Z,Netherlands,11612
2018-07-15T00:00:00Z,United Kingdom,45550
2018-07-22T00:00:00Z,Belgium,7122
2018-07-22T00:00:00Z,France,40841
2018-07-22T00:00:00Z,Ireland,6474
2018-07-22T00:00:00Z,Luxembourg,1465
2018-07-22T00:00:00Z,Netherlands,11559
2018-07-22T00:00:00Z,United Kingdom,44859
2018-07-29T00:00:00Z,Belgium,7113
2018-07-29T00:00:00Z,France,38508
2018-07-29T00:00:00Z,Ireland,6345
2018-07-29T00:00:00Z,Luxembourg,1443
2018-07-29T00:00:00Z,Netherlands,11476
2018-07-29T00:00:00Z,United Kingdom,45211
2018-08-05T00:00:00Z,Belgium,6810
2018-08-05T00:00:00Z,France,36811
2018-08-05T00:00:00Z,Ireland,6325
2018-08-05T00:00:00Z,Luxembourg,1344
2018-08-05T00:00:00Z,Netherlands,11346
2018-08-05T00:00:00Z,United Kingdom,44496
2018-08-12T00:00:00Z,Belgium,6927
2018-08-12T00:00:00Z,France,36694
2018-08-12T00:00:00Z,Ireland,6335
2018-08-12T00:00:00Z,Luxembourg,1397
2018-08-12T00:00:00Z,Netherlands,11571
2018-08-12T00:00:00Z,United Kingdom,44940
2018-08-19T00:00:00Z,Belgium,7160
2018-08-19T00:00:00Z,France,38706
2018-08-19T00:00:00Z,Ireland,6364
2018-08-19T00:00:00Z,Luxembourg,1424
2018-08-19T00:00:00Z,Netherlands,11652
2018-08-19T00:00:00Z,United Kingdom,45200
2018-08-26T00:00:00Z,Belgium,7345
2018-08-26T00:00:00Z,France,41043
2018-08-26T00:00:00Z,Ireland,6302
2018-08-26T00:00:00Z,Luxembourg,1442
2018-08-26T00:00:00Z,Netherlands,11707
2018-08-26T00:00:00Z,United Kingdom,45552
2018-09-02T00:00:00Z,Belgium,7197
2018-09-02T00:00:00Z,France,40497
2018-09-02T00:00:00Z,Ireland,6399
2018-09-02T00:00:00Z,Luxembourg,1555
2018-09-02T00:00:00Z,Netherlands,11733
2018-09-02T00:00:00Z,United Kingdom,45826
2018-09-09T00:00:00Z,Belgium,7149
2018-09-09T00:00:00Z,France,40681
2018-09-09T00:00:00Z,Ireland,6331
2018-09-09T00:00:00Z,Luxembourg,1571
2018-09-09T00:00:00Z,Netherlands,11681
2018-09-09T00:00:00Z,United Kingdom,45395
2018-09-16T00:00:00Z,Belgium,7011
2018-09-16T00:00:00Z,France,39996
2018-09-16T00:00:00Z,Ireland,6228
2018-09-16T00:00:00Z,Luxembourg,1590
2018-09-16T00:00:00Z,Netherlands,11521
2018-09-16T00:00:00Z,United Kingdom,45068
2018-09-23T00:00:00Z,Belgium,7084
2018-09-23T00:00:00Z,France,40574
2018-09-23T00:00:00Z,Ireland,6399
2018-09-23T00:00:00Z,Luxembourg,1591
2018-09-23T00:00:00Z,Netherlands,11896
2018-09-23T00:00:00Z,United Kingdom,44828
2018-09-30T00:00:00Z,Belgium,7035
2018-09-30T00:00:00Z,France,39246
2018-09-30T00:00:00Z,Ireland,6161
2018-09-30T00:00:00Z,Luxembourg,1557
2018-09-30T00:00:00Z,Netherlands,11706
2018-09-30T00:00:00Z,United Kingdom,43964
2018-10-07T00:00:00Z,Belgium,6840
2018-10-07T00:00:00Z,France,37792
2018-10-07T00:00:00Z,Ireland,5999
2018-10-07T00:00:00Z,Luxembourg,1555
2018-10-07T00:00:00Z,Netherlands,11580
2018-10-07T00:00:00Z,United Kingdom,43305
2018-10-14T00:00:00Z,Belgium,6911
2018-10-14T00:00:00Z,France,37805
2018-10-14T00:00:00Z,Ireland,5985
2018-10-14T00:00:00Z,Luxembourg,1508
2018-10-14T00:00:00Z,Netherlands,11569
2018-10-14T00:00:00Z,United Kingdom,43250
2018-10-21T00:00:00Z,Belgium,6490
2018-10-21T00:00:00Z,France,37098
2018-10-21T00:00:00Z,Ireland,5981
2018-10-21T00:00:00Z,Luxembourg,1479
2018-10-21T00:00:00Z,Netherlands,11527
2018-10-21T00:00:00Z,United Kingdom,42945
2018-10-28T00:00:00Z,Belgium,5475
2018-10-28T00:00:00Z,France,31411
2018-10-28T00:00:00Z,Ireland,5250
2018-10-28T00:00:00Z,Luxembourg,1465
2018-10-28T00:00:00Z,Netherlands,10278
2018-10-28T00:00:00Z,United Kingdom,38874
2018-11-04T00:00:00Z,Belgium,6317
2018-11-04T00:00:00Z,France,33018
2018-11-04T00:00:00Z,Ireland,5045
2018-11-04T00:00:00Z,Luxembourg,1429
2018-11-04T00:00:00Z,Netherlands,9989
2018-11-04T00:00:00Z,United Kingdom,36810
2018-11-11T00:00:00Z,Belgium,6086
2018-11-11T00:00:00Z,France,32289
2018-11-11T00:00:00Z,Ireland,5154
2018-11-11T00:00:00Z,Luxembourg,1336
2018-11-11T00:00:00Z,Netherlands,10002
2018-11-11T00:00:00Z,United Kingdom,36464
2018-11-18T00:00:00Z,Belgium,6064
2018-11-18T00:00:00Z,France,31660
2018-11-18T00:00:00Z,Ireland,5098
2018-11-18T00:00:00Z,Luxembourg,1387
2018-11-18T00:00:00Z,Netherlands,9839
2018-11-18T00:00:00Z,United Kingdom,35873
2018-11-25T00:00:00Z,Belgium,6078
2018-11-25T00:00:00Z,France,31813
2018-11-25T00:00:00Z,Ireland,5061
2018-11-25T00:00:00Z,Luxembourg,1429
2018-11-25T00:00:00Z,Netherlands,9748
2018-11-25T00:00:00Z,United Kingdom,36224
2018-12-02T00:00:00Z,Belgium,6055
2018-12-02T00:00:00Z,France,32404
2018-12-02T00:00:00Z,Ireland,5117
2018-12-02T00:00:00Z,Luxembourg,1398
2018-12-02T00:00:00Z,Netherlands,9593
2018-12-02T00:00:00Z,United Kingdom,36668
2018-12-09T00:00:00Z,Belgium,6139
2018-12-09T00:00:00Z,France,32197
2018-12-09T00:00:00Z,Ireland,5076
2018-12-09T00:00:00Z,Luxembourg,1450
2018-12-09T00:00:00Z,Netherlands,9945
2018-12-09T00:00:00Z,United Kingdom,37400
2018-12-16T00:00:00Z,Belgium,6342
2018-12-16T00:00:00Z,France,34218
2018-12-16T00:00:00Z,Ireland,5291
2018-12-16T00:00:00Z,Luxembourg,1387
2018-12-16T00:00:00Z,Netherlands,9720
2018-12-16T00:00:00Z,United Kingdom,38190
2018-12-23T00:00:00Z,Belgium,4787
2018-12-23T00:00:00Z,France,27383
2018-12-23T00:00:00Z,Ireland,4160
2018-12-23T00:00:00Z,Luxembourg,1008
2018-12-23T00:00:00Z,Netherlands,8859
2018-12-23T00:00:00Z,United Kingdom,31177
2018-12-30T00:00:00Z,Belgium,4976
2018-12-30T00:00:00Z,France,28445
2018-12-30T00:00:00Z,Ireland,5003
2018-12-30T00:00:00Z,Luxembourg,1040
2018-12-30T00:00:00Z,Netherlands,9323
2018-12-30T00:00:00Z,United Kingdom,34877
2019-01-06T00:00:00Z,Belgium,5684
2019-01-06T00:00:00Z,France,30215
2019-01-06T00:00:00Z,Ireland,4899
2019-01-06T00:00:00Z,Luxembourg,1195
2019-01-06T00:00:00Z,Netherlands,9015
2019-01-06T00:00:00Z,United Kingdom,34943
2019-01-13T00:00:00Z,Belgium,5706
2019-01-13T00:00:00Z,France,30494
2019-01-13T00:00:00Z,Ireland,4674
2019-01-13T00:00:00Z,Luxembourg,1272
2019-01-13T00:00:00Z,Netherlands,9108
2019-01-13T00:00:00Z,United Kingdom,34211
2019-01-20T00:00:00Z,Belgium,5807
2019-01-20T00:00:00Z,France,30246
2019-01-20T00:00:00Z,Ireland,4673
2019-01-20T00:00:00Z,Luxembourg,1292
2019-01-20T00:00:00Z,Netherlands,9176
2019-01-20T00:00:00Z,United Kingdom,34321
2019-01-27T00:00:00Z,Belgium,5678
2019-01-27T00:00:00Z,France,30038
2019-01-27T00:00:00Z,Ireland,4787
2019-01-27T00:00:00Z,Luxembourg,1244
2019-01-27T00:00:00Z,Netherlands,9319
2019-01-27T00:00:00Z,United Kingdom,34429
2019-02-03T00:00:00Z,Belgium,5741
2019-02-03T00:00:00Z,France,31048
2019-02-03T00:00:00Z,Ireland,4813
2019-02-03T00:00:00Z,Luxembourg,1276
2019-02-03T00:00:00Z,Netherlands,9437
2019-02-03T00:00:00Z,United Kingdom,35901
2019-02-10T00:00:00Z,Belgium,5018
2019-02-10T00:00:00Z,France,31841
2019-02-10T00:00:00Z,Ireland,4947
2019-02-10T00:00:00Z,Luxembourg,1313
2019-02-10T00:00:00Z,Netherlands,9922
2019-02-10T00:00:00Z,United Kingdom,37535
2019-02-17T00:00:00Z,Belgium,5912
2019-02-17T00:00:00Z,France,31943
2019-02-17T00:00:00Z,Ireland,5042
2019-02-17T00:00:00Z,Luxembourg,1343
2019-02-17T00:00:00Z,Netherlands,10007
2019-02-17T00:00:00Z,United Kingdom,37327
2019-02-24T00:00:00Z,Belgium,5921
2019-02-24T00:00:00Z,France,32404
2019-02-24T00:00:00Z,Ireland,5067
2019-02-24T00:00:00Z,Luxembourg,1358
2019-02-24T00:00:00Z,Netherlands,10170
2019-02-24T00:00:00Z,United Kingdom,37833
2019-03-03T00:00:00Z,Belgium,5879
2019-03-03T00:00:00Z,France,32394
2019-03-03T00:00:00Z,Ireland,5042
2019-03-03T00:00:00Z,Luxembourg,1328
2019-03-03T00:00:00Z,Netherlands,10065
2019-03-03T00:00:00Z,United Kingdom,37446
2019-03-10T00:00:00Z,Belgium,5989
2019-03-10T00:00:00Z,France,33962
2019-03-10T00:00:00Z,Ireland,5197
2019-03-10T00:00:00Z,Luxembourg,1362
2019-03-10T00:00:00Z,Netherlands,9687
2019-03-10T00:00:00Z,United Kingdom,37660
2019-03-17T00:00:00Z,Belgium,5994
2019-03-17T00:00:00Z,France,33161
2019-03-17T00:00:00Z,Ireland,5114
2019-03-17T00:00:00Z,Luxembourg,1397
2019-03-17T00:00:00Z,Netherlands,10382
2019-03-17T00:00:00Z,United Kingdom,37718
2019-03-24T00:00:00Z,Belgium,5809
2019-03-24T00:00:00Z,France,33672
2019-03-24T00:00:00Z,Ireland,5136
2019-03-24T00:00:00Z,Luxembourg,1410
2019-03-24T00:00:00Z,Netherlands,10229
2019-03-24T00:00:00Z,United Kingdom,38002
2019-03-31T00:00:00Z,Belgium,6637
2019-03-31T00:00:00Z,France,36634
2019-03-31T00:00:00Z,Ireland,5746
2019-03-31T00:00:00Z,Luxembourg,1487
2019-03-31T00:00:00Z,Netherlands,10814
2019-03-31T00:00:00Z,United Kingdom,40587
2019-04-07T00:00:00Z,Belgium,6855
2019-04-07T00:00:00Z,France,37707
2019-04-07T00:00:00Z,Ireland,5854
2019-04-07T00:00:00Z,Luxembourg,1554
2019-04-07T00:00:00Z,Netherlands,10979
2019-04-07T00:00:00Z,United Kingdom,41346
2019-04-14T00:00:00Z,Belgium,6640
2019-04-14T00:00:00Z,France,38764
2019-04-14T00:00:00Z,Ireland,5910
2019-04-14T00:00:00Z,Luxembourg,1513
2019-04-14T00:00:00Z,Netherlands,11048
2019-04-14T00:00:00Z,United Kingdom,40672
2019-04-21T00:00:00Z,Belgium,6527
2019-04-21T00:00:00Z,France,37120
2019-04-21T00:00:00Z,Ireland,5918
2019-04-21T00:00:00Z,Luxembourg,1500
2019-04-21T00:00:00Z,Netherlands,11168
2019-04-21T00:00:00Z,United Kingdom,40691
2019-04-28T00:00:00Z,Belgium,6545
2019-04-28T00:00:00Z,France,37486
2019-04-28T00:00:00Z,Ireland,5994
2019-04-28T00:00:00Z,Luxembourg,1503
2019-04-28T00:00:00Z,Netherlands,11316
2019-04-28T00:00:00Z,United Kingdom,42214
2019-05-05T00:00:00Z,Belgium,6835
2019-05-05T00:00:00Z,France,35918
2019-05-05T00:00:00Z,Ireland,6126
2019-05-05T00:00:00Z,Luxembourg,1498
2019-05-05T00:00:00Z,Netherlands,11451
2019-05-05T00:00:00Z,United Kingdom,42473
2019-05-12T00:00:00Z,Belgium,6793
2019-05-12T00:00:00Z,France,38863
2019-05-12T00:00:00Z,Ireland,6250
2019-05-12T00:00:00Z,Luxembourg,1609
2019-05-12T00:00:00Z,Netherlands,11511
2019-05-12T00:00:00Z,United Kingdom,43365
2019-05-19T00:00:00Z,Belgium,6922
2019-05-19T00:00:00Z,France,39756
2019-05-19T00:00:00Z,Ireland,6342
2019-05-19T00:00:00Z,Luxembourg,1632
2019-05-19T00:00:00Z,Netherlands,11486
2019-05-19T00:00:00Z,United Kingdom,44079
2019-05-26T00:00:00Z,Belgium,6773
2019-05-26T00:00:00Z,France,38353
2019-05-26T00:00:00Z,Ireland,6443
2019-05-26T00:00:00Z,Luxembourg,1544
2019-05-26T00:00:00Z,Netherlands,11337
2019-05-26T00:00:00Z,United Kingdom,44412
2019-06-02T00:00:00Z,Belgium,7044
2019-06-02T00:00:00Z,France,40951
2019-06-02T00:00:00Z,Ireland,6568
2019-06-02T00:00:00Z,Luxembourg,1616
2019-06-02T00:00:00Z,Netherlands,11508
2019-06-02T00:00:00Z,United Kingdom,45316
2019-06-09T00:00:00Z,Belgium,6965
2019-06-09T00:00:00Z,France,40939
2019-06-09T00:00:00Z,Ireland,6710
2019-06-09T00:00:00Z,Luxembourg,1546
2019-06-09T00:00:00Z,Netherlands,11504
2019-06-09T00:00:00Z,United Kingdom,45074
2019-06-16T00:00:00Z,Belgium,7197
2019-06-16T00:00:00Z,France,42468
2019-06-16T00:00:00Z,Ireland,6626
2019-06-16T00:00:00Z,Luxembourg,1612
2019-06-16T00:00:00Z,Netherlands,11489
2019-06-16T00:00:00Z,United Kingdom,45526
2019-06-23T00:00:00Z,Belgium,7261
2019-06-23T00:00:00Z,France,42466
2019-06-23T00:00:00Z,Ireland,6616
2019-06-23T00:00:00Z,Luxembourg,1638
2019-06-23T00:00:00Z,Netherlands,11534
2019-06-23T00:00:00Z,United Kingdom,45395
2019-06-30T00:00:00Z,Belgium,7356
2019-06-30T00:00:00Z,France,43246
2019-06-30T00:00:00Z,Ireland,6593
2019-06-30T00:00:00Z,Luxembourg,1593
2019-06-30T00:00:00Z,Netherlands,11532
2019-06-30T00:00:00Z,United Kingdom,45657
2019-07-07T00:00:00Z,Belgium,7219
2019-07-07T00:00:00Z,France,43122
2019-07-07T00:00:00Z,Ireland,6616
2019-07-07T00:00:00Z,Luxembourg,1583
2019-07-07T00:00:00Z,Netherlands,11647
2019-07-07T00:00:00Z,United Kingdom,45455
2019-07-14T00:00:00Z,Belgium,7321
2019-07-14T00:00:00Z,France,42021
2019-07-14T00:00:00Z,Ireland,6636
2019-07-14T00:00:00Z,Luxembourg,1504
2019-07-14T00:00:00Z,Netherlands,11596
2019-07-14T00:00:00Z,United Kingdom,45404
2019-07-21T00:00:00Z,Belgium,7254
2019-07-21T00:00:00Z,France,40864
2019-07-21T00:00:00Z,Ireland,6608
2019-07-21T00:00:00Z,Luxembourg,1509
2019-07-21T00:00:00Z,Netherlands,11027
2019-07-21T00:00:00Z,United Kingdom,44516
2019-07-28T00:00:00Z,Belgium,7176
2019-07-28T00:00:00Z,France,39409
2019-07-28T00:00:00Z,Ireland,6679
2019-07-28T00:00:00Z,Luxembourg,1445
2019-07-28T00:00:00Z,Netherlands,11311
2019-07-28T00:00:00Z,United Kingdom,45035
2019-08-04T00:00:00Z,Belgium,6965
2019-08-04T00:00:00Z,France,37658
2019-08-04T00:00:00Z,Ireland,6495
2019-08-04T00:00:00Z,Luxembourg,1391
2019-08-04T00:00:00Z,Netherlands,11350
2019-08-04T00:00:00Z,United Kingdom,44496
2019-08-11T00:00:00Z,Belgium,6901
2019-08-11T00:00:00Z,France,37064
2019-08-11T00:00:00Z,Ireland,6592
2019-08-11T00:00:00Z,Luxembourg,1383
2019-08-11T00:00:00Z,Netherlands,11353
2019-08-11T00:00:00Z,United Kingdom,44772
2019-08-18T00:00:00Z,Belgium,7168
2019-08-18T00:00:00Z,France,39074
2019-08-18T00:00:00Z,Ireland,6586
2019-08-18T00:00:00Z,Luxembourg,1431
2019-08-18T00:00:00Z,Netherlands,11584
2019-08-18T00:00:00Z,United Kingdom,45154
2019-08-25T00:00:00Z,Belgium,7195
2019-08-25T00:00:00Z,France,41181
2019-08-25T00:00:00Z,Ireland,6611
2019-08-25T00:00:00Z,Luxembourg,1519
2019-08-25T00:00:00Z,Netherlands,11592
2019-08-25T00:00:00Z,United Kingdom,45211
2019-09-01T00:00:00Z,Belgium,7206
2019-09-01T00:00:00Z,France,40341
2019-09-01T00:00:00Z,Ireland,6606
2019-09-01T00:00:00Z,Luxembourg,1626
2019-09-01T00:00:00Z,Netherlands,11578
2019-09-01T00:00:00Z,United Kingdom,45144
2019-09-08T00:00:00Z,Belgium,7137
2019-09-08T00:00:00Z,France,40572
2019-09-08T00:00:00Z,Ireland,6595
2019-09-08T00:00:00Z,Luxembourg,1563
2019-09-08T00:00:00Z,Netherlands,11681
2019-09-08T00:00:00Z,United Kingdom,43714
2019-09-15T00:00:00Z,Belgium,7232
2019-09-15T00:00:00Z,France,40232
2019-09-15T00:00:00Z,Ireland,6528
2019-09-15T00:00:00Z,Luxembourg,1586
2019-09-15T00:00:00Z,Netherlands,11789
2019-09-15T00:00:00Z,United Kingdom,45249
2019-09-22T00:00:00Z,Belgium,7152
2019-09-22T00:00:00Z,France,40001
2019-09-22T00:00:00Z,Ireland,6467
2019-09-22T00:00:00Z,Luxembourg,1640
2019-09-22T00:00:00Z,Netherlands,11707
2019-09-22T00:00:00Z,United Kingdom,44233
2019-09-29T00:00:00Z,Belgium,7020
2019-09-29T00:00:00Z,France,38691
2019-09-29T00:00:00Z,Ireland,6180
2019-09-29T00:00:00Z,Luxembourg,1576
2019-09-29T00:00:00Z,Netherlands,11653
2019-09-29T00:00:00Z,United Kingdom,43538
2019-10-06T00:00:00Z,Belgium,6728
2019-10-06T00:00:00Z,France,37683
2019-10-06T00:00:00Z,Ireland,6183
2019-10-06T00:00:00Z,Luxembourg,1546
2019-10-06T00:00:00Z,Netherlands,11461
2019-10-06T00:00:00Z,United Kingdom,42310
2019-10-13T00:00:00Z,Belgium,6799
2019-10-13T00:00:00Z,France,37241
2019-10-13T00:00:00Z,Ireland,6129
2019-10-13T00:00:00Z,Luxembourg,1586
2019-10-13T00:00:00Z,Netherlands,11583
2019-10-13T00:00:00Z,United Kingdom,42331
2019-10-20T00:00:00Z,Belgium,6834
2019-10-20T00:00:00Z,France,36731
2019-10-20T00:00:00Z,Ireland,6094
2019-10-20T00:00:00Z,Luxembourg,1563
2019-10-20T00:00:00Z,Netherlands,11509
2019-10-20T00:00:00Z,United Kingdom,42107
2019-10-27T00:00:00Z,Belgium,6296
2019-10-27T00:00:00Z,France,33028
2019-10-27T00:00:00Z,Ireland,5371
2019-10-27T00:00:00Z,Luxembourg,1510
2019-10-27T00:00:00Z,Netherlands,10172
2019-10-27T00:00:00Z,United Kingdom,38911
2019-11-03T00:00:00Z,Belgium,6288
2019-11-03T00:00:00Z,France,32876
2019-11-03T00:00:00Z,Ireland,5224
2019-11-03T00:00:00Z,Luxembourg,1511
2019-11-03T00:00:00Z,Netherlands,9939
2019-11-03T00:00:00Z,United Kingdom,36397
2019-11-10T00:00:00Z,Belgium,6076
2019-11-10T00:00:00Z,France,30820
2019-11-10T00:00:00Z,Ireland,4903
2019-11-10T00:00:00Z,Luxembourg,1458
2019-11-10T00:00:00Z,Netherlands,9880
2019-11-10T00:00:00Z,United Kingdom,35373
2019-11-17T00:00:00Z,Belgium,6162
2019-11-17T00:00:00Z,France,31186
2019-11-17T00:00:00Z,Ireland,4888
2019-11-17T00:00:00Z,Luxembourg,1470
2019-11-17T00:00:00Z,Netherlands,9942
2019-11-17T00:00:00Z,United Kingdom,34993
2019-11-24T00:00:00Z,Belgium,6070
2019-11-24T00:00:00Z,France,31385
2019-11-24T00:00:00Z,Ireland,4823
2019-11-24T00:00:00Z,Luxembourg,1470
2019-11-24T00:00:00Z,Netherlands,9763
2019-11-24T00:00:00Z,United Kingdom,34794
2019-12-01T00:00:00Z,Belgium,6185
2019-12-01T00:00:00Z,France,28967
2019-12-01T00:00:00Z,Ireland,5038
2019-12-01T00:00:00Z,Luxembourg,1409
2019-12-01T00:00:00Z,Netherlands,9611
2019-12-01T00:00:00Z,United Kingdom,35985
2019-12-08T00:00:00Z,Belgium,6239
2019-12-08T00:00:00Z,France,31021
2019-12-08T00:00:00Z,Ireland,4954
2019-12-08T00:00:00Z,Luxembourg,1485
2019-12-08T00:00:00Z,Netherlands,9693
2019-12-08T00:00:00Z,United Kingdom,36967
2019-12-15T00:00:00Z,Belgium,6301
2019-12-15T00:00:00Z,France,33493
2019-12-15T00:00:00Z,Ireland,5219
2019-12-15T00:00:00Z,Luxembourg,1576
2019-12-15T00:00:00Z,Netherlands,9930
2019-12-15T00:00:00Z,United Kingdom,38106
2019-12-22T00:00:00Z,Belgium,4847
2019-12-22T00:00:00Z,France,27842
2019-12-22T00:00:00Z,Ireland,4251
2019-12-22T00:00:00Z,Luxembourg,1109
2019-12-22T00:00:00Z,Netherlands,8868
2019-12-22T00:00:00Z,United Kingdom,31277
2019-12-29T00:00:00Z,Belgium,5083
2019-12-29T00:00:00Z,France,28417
2019-12-29T00:00:00Z,Ireland,5032
2019-12-29T00:00:00Z,Luxembourg,1081
2019-12-29T00:00:00Z,Netherlands,9194
2019-12-29T00:00:00Z,United Kingdom,34187
2020-01-05T00:00:00Z,Belgium,5731
2020-01-05T00:00:00Z,France,31058
2020-01-05T00:00:00Z,Ireland,4826
2020-01-05T00:00:00Z,Luxembourg,1285
2020-01-05T00:00:00Z,Netherlands,9426
2020-01-05T00:00:00Z,United Kingdom,34297
2020-01-12T00:00:00Z,Belgium,5658
2020-01-12T00:00:00Z,France,29733
2020-01-12T00:00:00Z,Ireland,4484
2020-01-12T00:00:00Z,Luxembourg,1332
2020-01-12T00:00:00Z,Netherlands,9262
2020-01-12T00:00:00Z,United Kingdom,32848
2020-01-19T00:00:00Z,Belgium,5710
2020-01-19T00:00:00Z,France,30277
2020-01-19T00:00:00Z,Ireland,4548
2020-01-19T00:00:00Z,Luxembourg,1360
2020-01-19T00:00:00Z,Netherlands,9244
2020-01-19T00:00:00Z,United Kingdom,33339
2020-01-26T00:00:00Z,Belgium,5704
2020-01-26T00:00:00Z,France,30605
2020-01-26T00:00:00Z,Ireland,4729
2020-01-26T00:00:00Z,Luxembourg,1280
2020-01-26T00:00:00Z,Netherlands,9297
2020-01-26T00:00:00Z,United Kingdom,33629
2020-02-02T00:00:00Z,Belgium,5833
2020-02-02T00:00:00Z,France,30727
2020-02-02T00:00:00Z,Ireland,4818
2020-02-02T00:00:00Z,Luxembourg,1302
2020-02-02T00:00:00Z,Netherlands,9529
2020-02-02T00:00:00Z,United Kingdom,34500
2020-02-09T00:00:00Z,Belgium,5696
2020-02-09T00:00:00Z,France,31580
2020-02-09T00:00:00Z,Ireland,4741
2020-02-09T00:00:00Z,Luxembourg,1287
2020-02-09T00:00:00Z,Netherlands,8816
2020-02-09T00:00:00Z,United Kingdom,33478
2020-02-16T00:00:00Z,Belgium,6057
2020-02-16T00:00:00Z,France,31935
2020-02-16T00:00:00Z,Ireland,4875
2020-02-16T00:00:00Z,Luxembourg,1396
2020-02-16T00:00:00Z,Netherlands,9871
2020-02-16T00:00:00Z,United Kingdom,36230
2020-02-23T00:00:00Z,Belgium,6025
2020-02-23T00:00:00Z,France,31787
2020-02-23T00:00:00Z,Ireland,4915
2020-02-23T00:00:00Z,Luxembourg,1374
2020-02-23T00:00:00Z,Netherlands,9671
2020-02-23T00:00:00Z,United Kingdom,37235
2020-03-01T00:00:00Z,Belgium,6099
2020-03-01T00:00:00Z,France,30840
2020-03-01T00:00:00Z,Ireland,5024
2020-03-01T00:00:00Z,Luxembourg,1398
2020-03-01T00:00:00Z,Netherlands,9997
2020-03-01T00:00:00Z,United Kingdom,35253
2020-03-08T00:00:00Z,Belgium,5440
2020-03-08T00:00:00Z,France,30281
2020-03-08T00:00:00Z,Ireland,4954
2020-03-08T00:00:00Z,Luxembourg,1195
2020-03-08T00:00:00Z,Netherlands,9228
2020-03-08T00:00:00Z,United Kingdom,32468
2020-03-15T00:00:00Z,Belgium,3535
2020-03-15T00:00:00Z,France,16453
2020-03-15T00:00:00Z,Ireland,4061
2020-03-15T00:00:00Z,Luxembourg,848
2020-03-15T00:00:00Z,Netherlands,6292
2020-03-15T00:00:00Z,United Kingdom,24092
2020-03-22T00:00:00Z,Belgium,1768
2020-03-22T00:00:00Z,France,4980
2020-03-22T00:00:00Z,Ireland,2110
2020-03-22T00:00:00Z,Luxembourg,332
2020-03-22T00:00:00Z,Netherlands,2505
2020-03-22T00:00:00Z,United Kingdom,8940
2020-03-29T00:00:00Z,Belgium,1281
2020-03-29T00:00:00Z,France,2934
2020-03-29T00:00:00Z,Ireland,899
2020-03-29T00:00:00Z,Luxembourg,250
2020-03-29T00:00:00Z,Netherlands,1325
2020-03-29T00:00:00Z,United Kingdom,4461
2020-04-05T00:00:00Z,Belgium,1159
2020-04-05T00:00:00Z,France,2611
2020-04-05T00:00:00Z,Ireland,644
2020-04-05T00:00:00Z,Luxembourg,223
2020-04-05T00:00:00Z,Netherlands,1161
2020-04-05T00:00:00Z,United Kingdom,3443
2020-04-12T00:00:00Z,Belgium,1069
2020-04-12T00:00:00Z,France,2571
2020-04-12T00:00:00Z,Ireland,569
2020-04-12T00:00:00Z,Luxembourg,268
2020-04-12T00:00:00Z,Netherlands,1102
2020-04-12T00:00:00Z,United Kingdom,3237
2020-04-19T00:00:00Z,Belgium,1179
2020-04-19T00:00:00Z,France,3008
2020-04-19T00:00:00Z,Ireland,622
2020-04-19T00:00:00Z,Luxembourg,281
2020-04-19T00:00:00Z,Netherlands,1301
2020-04-19T00:00:00Z,United Kingdom,3557
2020-04-26T00:00:00Z,Belgium,1176
2020-04-26T00:00:00Z,France,2980
2020-04-26T00:00:00Z,Ireland,598
2020-04-26T00:00:00Z,Luxembourg,278
2020-04-26T00:00:00Z,Netherlands,1313
2020-04-26T00:00:00Z,United Kingdom,3760
2020-05-03T00:00:00Z,Belgium,1372
2020-05-03T00:00:00Z,France,3327
2020-05-03T00:00:00Z,Ireland,611
2020-05-03T00:00:00Z,Luxembourg,299
2020-05-03T00:00:00Z,Netherlands,1549
2020-05-03T00:00:00Z,United Kingdom,3884
2020-05-10T00:00:00Z,Belgium,1481
2020-05-10T00:00:00Z,France,4717
2020-05-10T00:00:00Z,Ireland,672
2020-05-10T00:00:00Z,Luxembourg,299
2020-05-10T00:00:00Z,Netherlands,1829
2020-05-10T00:00:00Z,United Kingdom,4185
2020-05-17T00:00:00Z,Belgium,1478
2020-05-17T00:00:00Z,France,4962
2020-05-17T00:00:00Z,Ireland,695
2020-05-17T00:00:00Z,Luxembourg,313
2020-05-17T00:00:00Z,Netherlands,1958
2020-05-17T00:00:00Z,United Kingdom,4311
2020-05-24T00:00:00Z,Belgium,1552
2020-05-24T00:00:00Z,France,5871
2020-05-24T00:00:00Z,Ireland,730
2020-05-24T00:00:00Z,Luxembourg,349
2020-05-24T00:00:00Z,Netherlands,2131
2020-05-24T00:00:00Z,United Kingdom,4546
2020-05-31T00:00:00Z,Belgium,1548
2020-05-31T00:00:00Z,France,6190
2020-05-31T00:00:00Z,Ireland,781
2020-05-31T00:00:00Z,Luxembourg,385
2020-05-31T00:00:00Z,Netherlands,2145
2020-05-31T00:00:00Z,United Kingdom,5142
2020-06-07T00:00:00Z,Belgium,1578
2020-06-07T00:00:00Z,France,7485
2020-06-07T00:00:00Z,Ireland,844
2020-06-07T00:00:00Z,Luxembourg,434
2020-06-07T00:00:00Z,Netherlands,2432
2020-06-07T00:00:00Z,United Kingdom,5011
2020-06-14T00:00:00Z,Belgium,2042
2020-06-14T00:00:00Z,France,10200
2020-06-14T00:00:00Z,Ireland,1025
2020-06-14T00:00:00Z,Luxembourg,539
2020-06-14T00:00:00Z,Netherlands,2738
2020-06-14T00:00:00Z,United Kingdom,5463
2020-06-21T00:00:00Z,Belgium,2235
2020-06-21T00:00:00Z,France,11743
2020-06-21T00:00:00Z,Ireland,1024
2020-06-21T00:00:00Z,Luxembourg,634
2020-06-21T00:00:00Z,Netherlands,2939
2020-06-21T00:00:00Z,United Kingdom,6152
2020-06-28T00:00:00Z,Belgium,2856
2020-06-28T00:00:00Z,France,15001
2020-06-28T00:00:00Z,Ireland,1609
2020-06-28T00:00:00Z,Luxembourg,727
2020-06-28T00:00:00Z,Netherlands,3654
2020-06-28T00:00:00Z,United Kingdom,8425
2020-07-05T00:00:00Z,Belgium,3191
2020-07-05T00:00:00Z,France,18264
2020-07-05T00:00:00Z,Ireland,1917
2020-07-05T00:00:00Z,Luxembourg,848
2020-07-05T00:00:00Z,Netherlands,4432
2020-07-05T00:00:00Z,United Kingdom,10643
2020-07-12T00:00:00Z,Belgium,3394
2020-07-12T00:00:00Z,France,18284
2020-07-12T00:00:00Z,Ireland,2074
2020-07-12T00:00:00Z,Luxembourg,860
2020-07-12T00:00:00Z,Netherlands,4691
2020-07-12T00:00:00Z,United Kingdom,12308
2020-07-19T00:00:00Z,Belgium,3480
2020-07-19T00:00:00Z,France,20521
2020-07-19T00:00:00Z,Ireland,2148
2020-07-19T00:00:00Z,Luxembourg,813
2020-07-19T00:00:00Z,Netherlands,4869
2020-07-19T00:00:00Z,United Kingdom,14075
2020-07-26T00:00:00Z,Belgium,3453
2020-07-26T00:00:00Z,France,21340
2020-07-26T00:00:00Z,Ireland,2205
2020-07-26T00:00:00Z,Luxembourg,867
2020-07-26T00:00:00Z,Netherlands,4836
2020-07-26T00:00:00Z,United Kingdom,15018
2020-08-02T00:00:00Z,Belgium,3681
2020-08-02T00:00:00Z,France,21646
2020-08-02T00:00:00Z,Ireland,2480
2020-08-02T00:00:00Z,Luxembourg,833
2020-08-02T00:00:00Z,Netherlands,5984
2020-08-02T00:00:00Z,United Kingdom,17884
2020-08-09T00:00:00Z,Belgium,3580
2020-08-09T00:00:00Z,France,21369
2020-08-09T00:00:00Z,Ireland,2527
2020-08-09T00:00:00Z,Luxembourg,819
2020-08-09T00:00:00Z,Netherlands,6267
2020-08-09T00:00:00Z,United Kingdom,17810
2020-08-16T00:00:00Z,Belgium,3601
2020-08-16T00:00:00Z,France,22020
2020-08-16T00:00:00Z,Ireland,2414
2020-08-16T00:00:00Z,Luxembourg,830
2020-08-16T00:00:00Z,Netherlands,6211
2020-08-16T00:00:00Z,United Kingdom,17989
2020-08-23T00:00:00Z,Belgium,3689
2020-08-23T00:00:00Z,France,23686
2020-08-23T00:00:00Z,Ireland,2419
2020-08-23T00:00:00Z,Luxembourg,859
2020-08-23T00:00:00Z,Netherlands,6236
2020-08-23T00:00:00Z,United Kingdom,18503
2020-08-30T00:00:00Z,Belgium,3431
2020-08-30T00:00:00Z,France,22902
2020-08-30T00:00:00Z,Ireland,2297
2020-08-30T00:00:00Z,Luxembourg,834
2020-08-30T00:00:00Z,Netherlands,6567
2020-08-30T00:00:00Z,United Kingdom,18331
2020-09-06T00:00:00Z,Belgium,3195
2020-09-06T00:00:00Z,France,21606
2020-09-06T00:00:00Z,Ireland,2195
2020-09-06T00:00:00Z,Luxembourg,839
2020-09-06T00:00:00Z,Netherlands,6354
2020-09-06T00:00:00Z,United Kingdom,17794
2020-09-13T00:00:00Z,Belgium,3154
2020-09-13T00:00:00Z,France,20926
2020-09-13T00:00:00Z,Ireland,2105
2020-09-13T00:00:00Z,Luxembourg,854
2020-09-13T00:00:00Z,Netherlands,6081
2020-09-13T00:00:00Z,United Kingdom,17742
2020-09-20T00:00:00Z,Belgium,3147
2020-09-20T00:00:00Z,France,20063
2020-09-20T00:00:00Z,Ireland,2071
2020-09-20T00:00:00Z,Luxembourg,873
2020-09-20T00:00:00Z,Netherlands,5761
2020-09-20T00:00:00Z,United Kingdom,17547
2020-09-27T00:00:00Z,Belgium,3140
2020-09-27T00:00:00Z,France,19135
2020-09-27T00:00:00Z,Ireland,2013
2020-09-27T00:00:00Z,Luxembourg,877
2020-09-27T00:00:00Z,Netherlands,5575
2020-09-27T00:00:00Z,United Kingdom,16849
2020-10-04T00:00:00Z,Belgium,2878
2020-10-04T00:00:00Z,France,18257
2020-10-04T00:00:00Z,Ireland,1792
2020-10-04T00:00:00Z,Luxembourg,736
2020-10-04T00:00:00Z,Netherlands,5324
2020-10-04T00:00:00Z,United Kingdom,15851
2020-10-11T00:00:00Z,Belgium,2971
2020-10-11T00:00:00Z,France,18408
2020-10-11T00:00:00Z,Ireland,1668
2020-10-11T00:00:00Z,Luxembourg,807
2020-10-11T00:00:00Z,Netherlands,5278
2020-10-11T00:00:00Z,United Kingdom,14997
2020-10-18T00:00:00Z,Belgium,2899
2020-10-18T00:00:00Z,France,17842
2020-10-18T00:00:00Z,Ireland,1604
2020-10-18T00:00:00Z,Luxembourg,803
2020-10-18T00:00:00Z,Netherlands,5051
2020-10-18T00:00:00Z,United Kingdom,14067
2020-10-25T00:00:00Z,Belgium,2912
2020-10-25T00:00:00Z,France,17322
2020-10-25T00:00:00Z,Ireland,1584
2020-10-25T00:00:00Z,Luxembourg,827
2020-10-25T00:00:00Z,Netherlands,4728
2020-10-25T00:00:00Z,United Kingdom,14448
2020-11-01T00:00:00Z,Belgium,2666
2020-11-01T00:00:00Z,France,13616
2020-11-01T00:00:00Z,Ireland,1533
2020-11-01T00:00:00Z,Luxembourg,852
2020-11-01T00:00:00Z,Netherlands,4522
2020-11-01T00:00:00Z,United Kingdom,12449
2020-11-08T00:00:00Z,Belgium,2457
2020-11-08T00:00:00Z,France,10561
2020-11-08T00:00:00Z,Ireland,1306
2020-11-08T00:00:00Z,Luxembourg,626
2020-11-08T00:00:00Z,Netherlands,4242
2020-11-08T00:00:00Z,United Kingdom,8791
2020-11-15T00:00:00Z,Belgium,2426
2020-11-15T00:00:00Z,France,10604
2020-11-15T00:00:00Z,Ireland,1033
2020-11-15T00:00:00Z,Luxembourg,630
2020-11-15T00:00:00Z,Netherlands,3993
2020-11-15T00:00:00Z,United Kingdom,7548
2020-11-22T00:00:00Z,Belgium,2298
2020-11-22T00:00:00Z,France,10459
2020-11-22T00:00:00Z,Ireland,973
2020-11-22T00:00:00Z,Luxembourg,589
2020-11-22T00:00:00Z,Netherlands,3774
2020-11-22T00:00:00Z,United Kingdom,7299
2020-11-29T00:00:00Z,Belgium,2414
2020-11-29T00:00:00Z,France,10802
2020-11-29T00:00:00Z,Ireland,1089
2020-11-29T00:00:00Z,Luxembourg,571
2020-11-29T00:00:00Z,Netherlands,3722
2020-11-29T00:00:00Z,United Kingdom,8355
2020-12-06T00:00:00Z,Belgium,2599
2020-12-06T00:00:00Z,France,10799
2020-12-06T00:00:00Z,Ireland,1138
2020-12-06T00:00:00Z,Luxembourg,595
2020-12-06T00:00:00Z,Netherlands,3875
2020-12-06T00:00:00Z,United Kingdom,10209
2020-12-13T00:00:00Z,Belgium,2974
2020-12-13T00:00:00Z,France,15854
2020-12-13T00:00:00Z,Ireland,1510
2020-12-13T00:00:00Z,Luxembourg,780
2020-12-13T00:00:00Z,Netherlands,4518
2020-12-13T00:00:00Z,United Kingdom,12893
2020-12-20T00:00:00Z,Belgium,2610
2020-12-20T00:00:00Z,France,15669
2020-12-20T00:00:00Z,Ireland,1240
2020-12-20T00:00:00Z,Luxembourg,733
2020-12-20T00:00:00Z,Netherlands,4221
2020-12-20T00:00:00Z,United Kingdom,10002
2020-12-27T00:00:00Z,Belgium,2377
2020-12-27T00:00:00Z,France,14117
2020-12-27T00:00:00Z,Ireland,1285
2020-12-27T00:00:00Z,Luxembourg,673
2020-12-27T00:00:00Z,Netherlands,4017
2020-12-27T00:00:00Z,United Kingdom,8525
2021-01-03T00:00:00Z,Belgium,2638
2021-01-03T00:00:00Z,France,15221
2021-01-03T00:00:00Z,Ireland,1531
2021-01-03T00:00:00Z,Luxembourg,691
2021-01-03T00:00:00Z,Netherlands,4579
2021-01-03T00:00:00Z,United Kingdom,9709
2021-01-10T00:00:00Z,Belgium,2322
2021-01-10T00:00:00Z,France,13538
2021-01-10T00:00:00Z,Ireland,1190
2021-01-10T00:00:00Z,Luxembourg,584
2021-01-10T00:00:00Z,Netherlands,3761
2021-01-10T00:00:00Z,United Kingdom,7309
2021-01-17T00:00:00Z,Belgium,2155
2021-01-17T00:00:00Z,France,13059
2021-01-17T00:00:00Z,Ireland,998
2021-01-17T00:00:00Z,Luxembourg,528
2021-01-17T00:00:00Z,Netherlands,3344
2021-01-17T00:00:00Z,United Kingdom,6244
2021-01-24T00:00:00Z,Belgium,2321
2021-01-24T00:00:00Z,France,13123
2021-01-24T00:00:00Z,Ireland,952
2021-01-24T00:00:00Z,Luxembourg,530
2021-01-24T00:00:00Z,Netherlands,3018
2021-01-24T00:00:00Z,United Kingdom,6084
2021-01-31T00:00:00Z,Belgium,2345
2021-01-31T00:00:00Z,France,13275
2021-01-31T00:00:00Z,Ireland,1021
2021-01-31T00:00:00Z,Luxembourg,497
2021-01-31T00:00:00Z,Netherlands,2977
2021-01-31T00:00:00Z,United Kingdom,6169
2021-02-07T00:00:00Z,Belgium,2306
2021-02-07T00:00:00Z,France,12998
2021-02-07T00:00:00Z,Ireland,878
2021-02-07T00:00:00Z,Luxembourg,546
2021-02-07T00:00:00Z,Netherlands,2830
2021-02-07T00:00:00Z,United Kingdom,6101
2021-02-14T00:00:00Z,Belgium,2247
2021-02-14T00:00:00Z,France,13438
2021-02-14T00:00:00Z,Ireland,955
2021-02-14T00:00:00Z,Luxembourg,544
2021-02-14T00:00:00Z,Netherlands,3122
2021-02-14T00:00:00Z,United Kingdom,6075
2021-02-21T00:00:00Z,Belgium,2412
2021-02-21T00:00:00Z,France,13332
2021-02-21T00:00:00Z,Ireland,1009
2021-02-21T00:00:00Z,Luxembourg,573
2021-02-21T00:00:00Z,Netherlands,3228
2021-02-21T00:00:00Z,United Kingdom,6254
2021-02-28T00:00:00Z,Belgium,2148
2021-02-28T00:00:00Z,France,13142
2021-02-28T00:00:00Z,Ireland,1117
2021-02-28T00:00:00Z,Luxembourg,601
2021-02-28T00:00:00Z,Netherlands,3543
2021-02-28T00:00:00Z,United Kingdom,6635
2021-03-07T00:00:00Z,Belgium,2069
2021-03-07T00:00:00Z,France,12730
2021-03-07T00:00:00Z,Ireland,1016
2021-03-07T00:00:00Z,Luxembourg,536
2021-03-07T00:00:00Z,Netherlands,3276
2021-03-07T00:00:00Z,United Kingdom,6622
2021-03-14T00:00:00Z,Belgium,2357
2021-03-14T00:00:00Z,France,12882
2021-03-14T00:00:00Z,Ireland,1085
2021-03-14T00:00:00Z,Luxembourg,546
2021-03-14T00:00:00Z,Netherlands,3530
2021-03-14T00:00:00Z,United Kingdom,6923
2021-03-21T00:00:00Z,Belgium,2487
2021-03-21T00:00:00Z,France,13662
2021-03-21T00:00:00Z,Ireland,1075
2021-03-21T00:00:00Z,Luxembourg,614
2021-03-21T00:00:00Z,Netherlands,3570
2021-03-21T00:00:00Z,United Kingdom,7062
2021-03-28T00:00:00Z,Belgium,2462
2021-03-28T00:00:00Z,France,14522
2021-03-28T00:00:00Z,Ireland,1135
2021-03-28T00:00:00Z,Luxembourg,687
2021-03-28T00:00:00Z,Netherlands,3909
2021-03-28T00:00:00Z,United Kingdom,7399
2021-04-04T00:00:00Z,Belgium,2358
2021-04-04T00:00:00Z,France,12710
2021-04-04T00:00:00Z,Ireland,1099
2021-04-04T00:00:00Z,Luxembourg,675
2021-04-04T00:00:00Z,Netherlands,3723
2021-04-04T00:00:00Z,United Kingdom,7324
2021-04-11T00:00:00Z,Belgium,2502
2021-04-11T00:00:00Z,France,13095
2021-04-11T00:00:00Z,Ireland,1123
2021-04-11T00:00:00Z,Luxembourg,658
2021-04-11T00:00:00Z,Netherlands,3918
2021-04-11T00:00:00Z,United Kingdom,7575
2021-04-18T00:00:00Z,Belgium,2679
2021-04-18T00:00:00Z,France,13037
2021-04-18T00:00:00Z,Ireland,1086
2021-04-18T00:00:00Z,Luxembourg,668
2021-04-18T00:00:00Z,Netherlands,4038
2021-04-18T00:00:00Z,United Kingdom,7609
2021-04-25T00:00:00Z,Belgium,2733
2021-04-25T00:00:00Z,France,13268
2021-04-25T00:00:00Z,Ireland,1062
2021-04-25T00:00:00Z,Luxembourg,673
2021-04-25T00:00:00Z,Netherlands,4238
2021-04-25T00:00:00Z,United Kingdom,7804
2021-05-02T00:00:00Z,Belgium,2758
2021-05-02T00:00:00Z,France,14641
2021-05-02T00:00:00Z,Ireland,1041
2021-05-02T00:00:00Z,Luxembourg,670
2021-05-02T00:00:00Z,Netherlands,4033
2021-05-02T00:00:00Z,United Kingdom,7850
2021-05-09T00:00:00Z,Belgium,2861
2021-05-09T00:00:00Z,France,14550
2021-05-09T00:00:00Z,Ireland,1075
2021-05-09T00:00:00Z,Luxembourg,724
2021-05-09T00:00:00Z,Netherlands,4210
2021-05-09T00:00:00Z,United Kingdom,8145
2021-05-16T00:00:00Z,Belgium,3147
2021-05-16T00:00:00Z,France,18614
2021-05-16T00:00:00Z,Ireland,1124
2021-05-16T00:00:00Z,Luxembourg,792
2021-05-16T00:00:00Z,Netherlands,4451
2021-05-16T00:00:00Z,United Kingdom,9486
2021-05-23T00:00:00Z,Belgium,3173
2021-05-23T00:00:00Z,France,17696
2021-05-23T00:00:00Z,Ireland,1244
2021-05-23T00:00:00Z,Luxembourg,793
2021-05-23T00:00:00Z,Netherlands,4605
2021-05-23T00:00:00Z,United Kingdom,11326
2021-05-30T00:00:00Z,Belgium,3506
2021-05-30T00:00:00Z,France,18974
2021-05-30T00:00:00Z,Ireland,1509
2021-05-30T00:00:00Z,Luxembourg,846
2021-05-30T00:00:00Z,Netherlands,4842
2021-05-30T00:00:00Z,United Kingdom,12810
2021-06-06T00:00:00Z,Belgium,3563
2021-06-06T00:00:00Z,France,20453
2021-06-06T00:00:00Z,Ireland,1566
2021-06-06T00:00:00Z,Luxembourg,903
2021-06-06T00:00:00Z,Netherlands,4976
2021-06-06T00:00:00Z,United Kingdom,13027
2021-06-13T00:00:00Z,Belgium,4226
2021-06-13T00:00:00Z,France,22390
2021-06-13T00:00:00Z,Ireland,1600
2021-06-13T00:00:00Z,Luxembourg,944
2021-06-13T00:00:00Z,Netherlands,5472
2021-06-13T00:00:00Z,United Kingdom,13035
2021-06-20T00:00:00Z,Belgium,4418
2021-06-20T00:00:00Z,France,23798
2021-06-20T00:00:00Z,Ireland,1722
2021-06-20T00:00:00Z,Luxembourg,951
2021-06-20T00:00:00Z,Netherlands,5864
2021-06-20T00:00:00Z,United Kingdom,13662
2021-06-27T00:00:00Z,Belgium,4969
2021-06-27T00:00:00Z,France,27088
2021-06-27T00:00:00Z,Ireland,1976
2021-06-27T00:00:00Z,Luxembourg,1002
2021-06-27T00:00:00Z,Netherlands,6662
2021-06-27T00:00:00Z,United Kingdom,14564
2021-07-04T00:00:00Z,Belgium,5163
2021-07-04T00:00:00Z,France,29770
2021-07-04T00:00:00Z,Ireland,2063
2021-07-04T00:00:00Z,Luxembourg,1053
2021-07-04T00:00:00Z,Netherlands,7451
2021-07-04T00:00:00Z,United Kingdom,15757
2021-07-11T00:00:00Z,Belgium,5309
2021-07-11T00:00:00Z,France,29002
2021-07-11T00:00:00Z,Ireland,2242
2021-07-11T00:00:00Z,Luxembourg,1035
2021-07-11T00:00:00Z,Netherlands,7578
2021-07-11T00:00:00Z,United Kingdom,16653
2021-07-18T00:00:00Z,Belgium,5217
2021-07-18T00:00:00Z,France,30436
2021-07-18T00:00:00Z,Ireland,2677
2021-07-18T00:00:00Z,Luxembourg,1073
2021-07-18T00:00:00Z,Netherlands,8089
2021-07-18T00:00:00Z,United Kingdom,19248
2021-07-25T00:00:00Z,Belgium,5334
2021-07-25T00:00:00Z,France,30063
2021-07-25T00:00:00Z,Ireland,2840
2021-07-25T00:00:00Z,Luxembourg,1105
2021-07-25T00:00:00Z,Netherlands,7943
2021-07-25T00:00:00Z,United Kingdom,19998
2021-08-01T00:00:00Z,Belgium,5255
2021-08-01T00:00:00Z,France,29435
2021-08-01T00:00:00Z,Ireland,3027
2021-08-01T00:00:00Z,Luxembourg,1047
2021-08-01T00:00:00Z,Netherlands,8311
2021-08-01T00:00:00Z,United Kingdom,21015
2021-08-08T00:00:00Z,Belgium,5347
2021-08-08T00:00:00Z,France,29017
2021-08-08T00:00:00Z,Ireland,3097
2021-08-08T00:00:00Z,Luxembourg,1057
2021-08-08T00:00:00Z,Netherlands,8321
2021-08-08T00:00:00Z,United Kingdom,21293
2021-08-15T00:00:00Z,Belgium,5391
2021-08-15T00:00:00Z,France,29660
2021-08-15T00:00:00Z,Ireland,3269
2021-08-15T00:00:00Z,Luxembourg,1107
2021-08-15T00:00:00Z,Netherlands,8323
2021-08-15T00:00:00Z,United Kingdom,21781
2021-08-22T00:00:00Z,Belgium,5586
2021-08-22T00:00:00Z,France,31029
2021-08-22T00:00:00Z,Ireland,3278
2021-08-22T00:00:00Z,Luxembourg,1154
2021-08-22T00:00:00Z,Netherlands,8421
2021-08-22T00:00:00Z,United Kingdom,22641
2021-08-29T00:00:00Z,Belgium,5730
2021-08-29T00:00:00Z,France,30553
2021-08-29T00:00:00Z,Ireland,3353
2021-08-29T00:00:00Z,Luxembourg,1183
2021-08-29T00:00:00Z,Netherlands,8521
2021-08-29T00:00:00Z,United Kingdom,23828
2021-09-05T00:00:00Z,Belgium,5450
2021-09-05T00:00:00Z,France,29183
2021-09-05T00:00:00Z,Ireland,3537
2021-09-05T00:00:00Z,Luxembourg,1193
2021-09-05T00:00:00Z,Netherlands,8485
2021-09-05T00:00:00Z,United Kingdom,24134
2021-09-12T00:00:00Z,Belgium,5590
2021-09-12T00:00:00Z,France,28447
2021-09-12T00:00:00Z,Ireland,3410
2021-09-12T00:00:00Z,Luxembourg,1266
2021-09-12T00:00:00Z,Netherlands,8223
2021-09-12T00:00:00Z,United Kingdom,24248
2021-09-19T00:00:00Z,Belgium,5531
2021-09-19T00:00:00Z,France,29226
2021-09-19T00:00:00Z,Ireland,3399
2021-09-19T00:00:00Z,Luxembourg,1206
2021-09-19T00:00:00Z,Netherlands,8293
2021-09-19T00:00:00Z,United Kingdom,24568
2021-09-26T00:00:00Z,Belgium,5412
2021-09-26T00:00:00Z,France,28342
2021-09-26T00:00:00Z,Ireland,3323
2021-09-26T00:00:00Z,Luxembourg,1250
2021-09-26T00:00:00Z,Netherlands,8303
2021-09-26T00:00:00Z,United Kingdom,24223
2021-10-03T00:00:00Z,Belgium,5179
2021-10-03T00:00:00Z,France,27386
2021-10-03T00:00:00Z,Ireland,3335
2021-10-03T00:00:00Z,Luxembourg,1241
2021-10-03T00:00:00Z,Netherlands,8206
2021-10-03T00:00:00Z,United Kingdom,24410
2021-10-10T00:00:00Z,Belgium,5178
2021-10-10T00:00:00Z,France,27335
2021-10-10T00:00:00Z,Ireland,3353
2021-10-10T00:00:00Z,Luxembourg,1172
2021-10-10T00:00:00Z,Netherlands,8404
2021-10-10T00:00:00Z,United Kingdom,24729
2021-10-17T00:00:00Z,Belgium,5242
2021-10-17T00:00:00Z,France,27656
2021-10-17T00:00:00Z,Ireland,3492
2021-10-17T00:00:00Z,Luxembourg,1206
2021-10-17T00:00:00Z,Netherlands,8175
2021-10-17T00:00:00Z,United Kingdom,25161
2021-10-24T00:00:00Z,Belgium,5485
2021-10-24T00:00:00Z,France,27464
2021-10-24T00:00:00Z,Ireland,3432
2021-10-24T00:00:00Z,Luxembourg,1200
2021-10-24T00:00:00Z,Netherlands,8344
2021-10-24T00:00:00Z,United Kingdom,25055
2021-10-31T00:00:00Z,Belgium,5253
2021-10-31T00:00:00Z,France,26545
2021-10-31T00:00:00Z,Ireland,3411
2021-10-31T00:00:00Z,Luxembourg,1203
2021-10-31T00:00:00Z,Netherlands,7825
2021-10-31T00:00:00Z,United Kingdom,24642
2021-11-07T00:00:00Z,Belgium,5313
2021-11-07T00:00:00Z,France,24961
2021-11-07T00:00:00Z,Ireland,3459
2021-11-07T00:00:00Z,Luxembourg,1141
2021-11-07T00:00:00Z,Netherlands,7666
2021-11-07T00:00:00Z,United Kingdom,23048
2021-11-14T00:00:00Z,Belgium,5096
2021-11-14T00:00:00Z,France,25432
2021-11-14T00:00:00Z,Ireland,3497
2021-11-14T00:00:00Z,Luxembourg,1146
2021-11-14T00:00:00Z,Netherlands,7712
2021-11-14T00:00:00Z,United Kingdom,22986
2021-11-21T00:00:00Z,Belgium,4996
2021-11-21T00:00:00Z,France,24203
2021-11-21T00:00:00Z,Ireland,3469
2021-11-21T00:00:00Z,Luxembourg,1123
2021-11-21T00:00:00Z,Netherlands,7567
2021-11-21T00:00:00Z,United Kingdom,22522
2021-11-28T00:00:00Z,Belgium,4789
2021-11-28T00:00:00Z,France,23816
2021-11-28T00:00:00Z,Ireland,3688
2021-11-28T00:00:00Z,Luxembourg,1142
2021-11-28T00:00:00Z,Netherlands,7100
2021-11-28T00:00:00Z,United Kingdom,22782
2021-12-05T00:00:00Z,Belgium,4773
2021-12-05T00:00:00Z,France,24150
2021-12-05T00:00:00Z,Ireland,3672
2021-12-05T00:00:00Z,Luxembourg,1144
2021-12-05T00:00:00Z,Netherlands,7477
2021-12-05T00:00:00Z,United Kingdom,23235
2021-12-12T00:00:00Z,Belgium,5049
2021-12-12T00:00:00Z,France,26892
2021-12-12T00:00:00Z,Ireland,4009
2021-12-12T00:00:00Z,Luxembourg,1219
2021-12-12T00:00:00Z,Netherlands,7788
2021-12-12T00:00:00Z,United Kingdom,25674
2021-12-19T00:00:00Z,Belgium,4899
2021-12-19T00:00:00Z,France,24538
2021-12-19T00:00:00Z,Ireland,3544
2021-12-19T00:00:00Z,Luxembourg,1120
2021-12-19T00:00:00Z,Netherlands,7894
2021-12-19T00:00:00Z,United Kingdom,22748
2021-12-26T00:00:00Z,Belgium,4625
2021-12-26T00:00:00Z,France,23465
2021-12-26T00:00:00Z,Ireland,3760
2021-12-26T00:00:00Z,Luxembourg,1060
2021-12-26T00:00:00Z,Netherlands,7309
2021-12-26T00:00:00Z,United Kingdom,22279
2022-01-02T00:00:00Z,Belgium,4817
2022-01-02T00:00:00Z,France,23653
2022-01-02T00:00:00Z,Ireland,3919
2022-01-02T00:00:00Z,Luxembourg,1096
2022-01-02T00:00:00Z,Netherlands,7798
2022-01-02T00:00:00Z,United Kingdom,23603
2022-01-09T00:00:00Z,Belgium,4162
2022-01-09T00:00:00Z,France,20667
2022-01-09T00:00:00Z,Ireland,2883
2022-01-09T00:00:00Z,Luxembourg,816
2022-01-09T00:00:00Z,Netherlands,6758
2022-01-09T00:00:00Z,United Kingdom,18073
2022-01-16T00:00:00Z,Belgium,3918
2022-01-16T00:00:00Z,France,20507
2022-01-16T00:00:00Z,Ireland,2775
2022-01-16T00:00:00Z,Luxembourg,836
2022-01-16T00:00:00Z,Netherlands,6373
2022-01-16T00:00:00Z,United Kingdom,16739
2022-01-23T00:00:00Z,Belgium,3818
2022-01-23T00:00:00Z,France,20165
2022-01-23T00:00:00Z,Ireland,2756
2022-01-23T00:00:00Z,Luxembourg,789
2022-01-23T00:00:00Z,Netherlands,6299
2022-01-23T00:00:00Z,United Kingdom,16574
2022-01-30T00:00:00Z,Belgium,4067
2022-01-30T00:00:00Z,France,21039
2022-01-30T00:00:00Z,Ireland,3310
2022-01-30T00:00:00Z,Luxembourg,857
2022-01-30T00:00:00Z,Netherlands,6415
2022-01-30T00:00:00Z,United Kingdom,18992
2022-02-06T00:00:00Z,Belgium,4343
2022-02-06T00:00:00Z,France,23841
2022-02-06T00:00:00Z,Ireland,3494
2022-02-06T00:00:00Z,Luxembourg,1037
2022-02-06T00:00:00Z,Netherlands,6936
2022-02-06T00:00:00Z,United Kingdom,22399
2022-02-13T00:00:00Z,Belgium,4429
2022-02-13T00:00:00Z,France,24536
2022-02-13T00:00:00Z,Ireland,3587
2022-02-13T00:00:00Z,Luxembourg,1023
2022-02-13T00:00:00Z,Netherlands,6769
2022-02-13T00:00:00Z,United Kingdom,22895
2022-02-20T00:00:00Z,Belgium,4835
2022-02-20T00:00:00Z,France,25696
2022-02-20T00:00:00Z,Ireland,3667
2022-02-20T00:00:00Z,Luxembourg,1145
2022-02-20T00:00:00Z,Netherlands,7314
2022-02-20T00:00:00Z,United Kingdom,23744
2022-02-27T00:00:00Z,Belgium,5073
2022-02-27T00:00:00Z,France,26286
2022-02-27T00:00:00Z,Ireland,4113
2022-02-27T00:00:00Z,Luxembourg,1162
2022-02-27T00:00:00Z,Netherlands,7788
2022-02-27T00:00:00Z,United Kingdom,24978
2022-03-06T00:00:00Z,Belgium,5001
2022-03-06T00:00:00Z,France,26328
2022-03-06T00:00:00Z,Ireland,4078
2022-03-06T00:00:00Z,Luxembourg,1159
2022-03-06T00:00:00Z,Netherlands,7827
2022-03-06T00:00:00Z,United Kingdom,25505
2022-03-13T00:00:00Z,Belgium,4997
2022-03-13T00:00:00Z,France,27293
2022-03-13T00:00:00Z,Ireland,4331
2022-03-13T00:00:00Z,Luxembourg,1165
2022-03-13T00:00:00Z,Netherlands,7984
2022-03-13T00:00:00Z,United Kingdom,26168
2022-03-20T00:00:00Z,Belgium,5064
2022-03-20T00:00:00Z,France,27167
2022-03-20T00:00:00Z,Ireland,4234
2022-03-20T00:00:00Z,Luxembourg,1196
2022-03-20T00:00:00Z,Netherlands,8190
2022-03-20T00:00:00Z,United Kingdom,26005
2022-03-27T00:00:00Z,Belgium,5448
2022-03-27T00:00:00Z,France,28432
2022-03-27T00:00:00Z,Ireland,5179
2022-03-27T00:00:00Z,Luxembourg,1252
2022-03-27T00:00:00Z,Netherlands,8627
2022-03-27T00:00:00Z,United Kingdom,31455
2022-04-03T00:00:00Z,Belgium,5549
2022-04-03T00:00:00Z,France,29249
2022-04-03T00:00:00Z,Ireland,5354
2022-04-03T00:00:00Z,Luxembourg,1392
2022-04-03T00:00:00Z,Netherlands,8662
2022-04-03T00:00:00Z,United Kingdom,32640
2022-04-10T00:00:00Z,Belgium,5548
2022-04-10T00:00:00Z,France,31314
2022-04-10T00:00:00Z,Ireland,5395
2022-04-10T00:00:00Z,Luxembourg,1390
2022-04-10T00:00:00Z,Netherlands,9017
2022-04-10T00:00:00Z,United Kingdom,32925
2022-04-17T00:00:00Z,Belgium,5451
2022-04-17T00:00:00Z,France,30933
2022-04-17T00:00:00Z,Ireland,5374
2022-04-17T00:00:00Z,Luxembourg,1405
2022-04-17T00:00:00Z,Netherlands,9031
2022-04-17T00:00:00Z,United Kingdom,32869
2022-04-24T00:00:00Z,Belgium,5621
2022-04-24T00:00:00Z,France,32507
2022-04-24T00:00:00Z,Ireland,5547
2022-04-24T00:00:00Z,Luxembourg,1398
2022-04-24T00:00:00Z,Netherlands,9830
2022-04-24T00:00:00Z,United Kingdom,33341
2022-05-01T00:00:00Z,Belgium,5764
2022-05-01T00:00:00Z,France,32880
2022-05-01T00:00:00Z,Ireland,5537
2022-05-01T00:00:00Z,Luxembourg,1464
2022-05-01T00:00:00Z,Netherlands,10178
2022-05-01T00:00:00Z,United Kingdom,35217
2022-05-08T00:00:00Z,Belgium,5805
2022-05-08T00:00:00Z,France,32737
2022-05-08T00:00:00Z,Ireland,5629
2022-05-08T00:00:00Z,Luxembourg,1510
2022-05-08T00:00:00Z,Netherlands,10169
2022-05-08T00:00:00Z,United Kingdom,35925
2022-05-15T00:00:00Z,Belgium,5867
2022-05-15T00:00:00Z,France,33522
2022-05-15T00:00:00Z,Ireland,5721
2022-05-15T00:00:00Z,Luxembourg,1539
2022-05-15T00:00:00Z,Netherlands,10117
2022-05-15T00:00:00Z,United Kingdom,36381
2022-05-22T00:00:00Z,Belgium,5913
2022-05-22T00:00:00Z,France,34601
2022-05-22T00:00:00Z,Ireland,5874
2022-05-22T00:00:00Z,Luxembourg,1546
2022-05-22T00:00:00Z,Netherlands,10113
2022-05-22T00:00:00Z,United Kingdom,37650
2022-05-29T00:00:00Z,Belgium,2663
2022-05-29T00:00:00Z,France,16651
2022-05-29T00:00:00Z,Ireland,2564
2022-05-29T00:00:00Z,Luxembourg,686
2022-05-29T00:00:00Z,Netherlands,4451
2022-05-29T00:00:00Z,United Kingdom,16219
